1110101;BOCA DE PEDREGAL
1110102;CHA DE ENRIQUE
1110103;CHA DE MARGARIDINHA
1110104;FAJA DE BAIXO
1110105;FAJA DE CIMA
1110106;FAJA DOMINGAS BENTA
1110107;LOMBO PEDRANTE
1110108;MARRADOURO
1110109;RIBEIRINHA CURTA
1110110;VARZINHA
1110111;VINHA
1110201;ALMEIRIM
1110202;CIANO
1110203;CRUZ
1110204;DA GRACA
1110205;LOMBO DE SANTO
1110206;LOURENCA
1110207;RIBEIRA DO BRAZ
1110208;TABULEIRO
1110301;AGUA NASCIDA
1110302;CAVOUCO DE COSCO
1110303;CAVOUCO DE DONGO
1110304;CAVOUCO PERIGRINA
1110305;CHA DE ARROZ
1110306;LONGUEIRA
1110307;LUGAR DE GUENE
1110308;RIBEIRINHA DE JORGE
1110309;SELADA RIBEIRINHA DE JORGE
1110310;PENOSO
1110311;LADEIRINHA
1110312;BICA
1110313;SELADA
1110314;SUBIDA MANUEL LUIS
1110401;ABOBODA
1110402;MATINHO DE BAIXO
1110403;MATINHO DE CIMA
1110404;MONTE JOANA
1110405;MONTE JOANA DE BAIXO
1110406;RIBEIRA DAS BURNAS
1110407;RIBEIRAO GRANDE
1110408;MONTE JOANA DE CIMA
1110409;MATINHO LESTE
1110501;CHA DE BARRO
1110502;CHANZINHA
1110503;CIDREIRA
1110504;COVOADA
1110505;CRUZ
1110506;DUQUE
1110507;GROSSA
1110508;ILHEU GRANDE
1110509;LOMBO
1110510;LOMBO DA CRUZ
1110511;LOMBO DE CASTANHA
1110512;LOMBO MANGUE AFONSO
1110513;MALHADA
1110514;MANUEL ANTONIO
1110515;MERADA DE FORA
1110516;SELADA DAS PEDRAS
1110517;SELADINHA
1110518;TAMBOR
1110519;TRAVESSA
1110520;PÉ DE TOPO
1110521;ESMALHADA
1110522;COVOADA DE GROSSA
1110523;FONTE VERMELHO
1110601;CABO DA RIBEIRA
1110602;CHA DAS FURNAS
1110603;ESPONJEIROS
1110604;LOMBINHO
1110605;SINAGOGA
1110606;TCHETCHENIA
1110701;LADEIRA
1110702;PENHA DE FRANCA
1110703;POVOACAO
1110704;SANTA BARBARA
1110705;TARRAFAL
1110706;RUA D'HORTA
1110707;AVENIDA LUXEMBOURG
1110708;TERREIRO
1110801;AFONSO MARTINHO
1110802;BOCA DE CAVOUCO
1110803;BOCA RIBEIRA DUQUE
1110804;CRUZ
1110805;ENTULHO
1110806;ESTRAGA
1110807;FACHOCA
1110808;FAJA DE TANQUE
1110809;JOAO DIAS
1110810;LADEIRONA
1110811;LOMBO DE FACHOCA
1110812;MAO P'RA TRAZ
1110813;PE DE CRUZ
1110814;RIBEIRA DE DUQUE
1110815;TANQUE
1110816;ALTO DE SÃO MIGUEL
1110817;LOMBO DE RIBEIRA DUQUE
1110818;LOMBO CRUZ
1110901;AGUA DE RABO CURTO
1110902;ESTANCIA VELHA
1110903;JOAO GUE
1110904;LOMBINHO
1110905;LOMBO DE BEATRIZ
1110906;LOMBO DE JOAQUINA
1110907;LOMBO DE PICO
1110908;LOMBO DE BASTIAO
1110909;LOSNA
1110910;PE DESCIDA
1110911;RABO CURTO
1110912;TOPO
1110913;VANANTE
1110914;XOXO
1120101;ARANHAS
1120102;CORVO
1120103;FONTAINHAS
1120104;FORMINGUINHAS
1120105;LOMBO
1120106;MANE CORRE
1120107;SELADA
1120108;LADEIRA
1120109;LOMBINHO DE MAR
1120201;CAVOUQUINHO DAS TINTAS
1120202;LOMBINHO
1120203;LOMBO DA CRUZ
1120204;OS ORGAOS
1120205;PONTA DO SOL
1120206;RIBEIRA DA PONTA DO SOL
1120207;CHÃ DE CEMITÉRIO
1120208;CASINHAS
1120209;LOMBO DE PAÇO
1120210;CHÃ DE PONTA DE SOL
1130101;CHA BOCA DE AMBAS RIBEIRAS
1130102;CHA DE FUSIL
1130103;JOAO GOMES
1130104;PONTA MAIO
1130105;BOCA AMBAS RIBEIRAS
1130201;BECO
1130202;BOCA DE CORUJA
1130203;CANTO DE ESPANHA
1130204;CANTO SILVEIRA
1130205;CAVOUCO GRANDE
1130206;CAVOUCO MARTA
1130207;CHA DE LUIS MARTA
1130208;CORUJA
1130209;COVADINHA DE CORUJA
1130210;LADEIRA DAS CANAS
1130211;LINGUA D'AGUA
1130212;LOMBO
1130213;MANUEL SANTO
1130214;SISTEVE
1130215;TARAFE DE MOSQUITOS
1130216;PONTE CANAL
1130217;BARREIRO
1130218;LOMBINHO DE LINADRO
1130219;BECO CARLOS GOMES
1130220;CHA
1130301;ALMER
1130302;BOAVENTURA
1130303;BOCA DE JOAO AFONSO
1130304;CHA LOURENCO
1130305;CURRALINHO
1130306;DEMOEIRO
1130307;LOMBINHO
1130308;LOMBO DE BRUNO
1130309;LOMBO CANTINA
1130310;LOMBO SERAFIM
1130311;MANUEL RIBEIRO
1130312;PE DESCIDA JOAO AFONSO
1130313;SAIDA
1130314;CHÃ DE PAPAIA
1130315;RIBEIRA DE BRAZIDA
1130316;LOMBO DE PATRICIA
1130401;ALUMEIRO
1130402;CHA DE LOMBINHO
1130403;CHA DE TAPUME
1130404;ESDROGAL
1130405;FAJA DE MAURICIO
1130406;FAJANZINHA
1130407;LOMBO DE FAJANZIHA
1130408;LOMBO DIOGO
1130409;PONTA
1130410;ROCHINHA
1130411;TAPUME
1130412;TORINHO
1130413;VARO
1130414;BARRANCO
1130415;CAVOCO D'HORTINHA
1130416;LOMBO DE BOI
1130417;CHÃ MANUEL DE SANTO
1130418;FAJÃ DE TOURINHO
1130419;LOMBO SANCHO
1130420;LIMOEIRO
1130422;PONTA DE FAJAZINHA
1130501;AGRIOES
1130502;AGUADA
1130503;BENTO
1130504;BORDA DE AGRIOES
1130505;CHA DE PEDRAS
1130506;FAJA DE BARREIRA
1130507;LAGEDINHO
1130508;LOMBO PATRICIO
1130509;PARDINHA
1130510;PIA DE BAIXO
1130511;PIA DE CIMA
1130512;TABULEIRO
1130513;VARZEA DE PIA
1130514;CHÃNZINHA
1130515;LOMBINHO
1130516;LOMBO SANCHA
1130517;CHÃ DE BAIXO
1130518;LOMBO BRUNO
1130519;LOMBO MATO
1130520;SABIDELA
1130521;FUNDO CHÃ DE PEDRA
1130522;TRAVESSADO
1130523;LOMBO DE CHÃ
1130524;PONTA DE MERADINHA
1130525;TEBÚZIO
1130526;FONTE FRESQUINHO
1130601;BOCA DE FIGUEIRAL
1130602;CAMPINHO
1130603;COCULI
1130604;CURRAL
1130605;FAJA DE COCULI
1130606;FAJA DE MATOS
1130607;FLORES
1130608;FURNAS
1130609;FURNA DE CIMA
1130610;FORRADOR
1130611;IGREJINHA
1130612;LOMBO DE MACAR
1130613;PALMEIRA
1130614;PEDRO MATOS
1130615;PICOTEIRO
1130616;TAMBORIM
1130617;FIGUEIRAL DE SÃO JOÃO
1130618;LADEIRA
1130619;FAJÃ DE MATO DE BAIXO
1130620;FAJÃ DE MATO DE CIMA
1130621;PÉ DESCIDA DE FAJÃ DE MATOS
1130622;BOCA RUIM
1130623;CHÃ DE BANCA
1130701;AGUA DOS BOIS
1130702;BARDO DE FERRO
1130703;CABOUCO DE PEDRA
1130704;CHA DE CORDA
1130705;CHA DE GALINHA
1130706;CHA DE MATO
1130707;CHA DE MATO DE CIMA
1130708;CHA DE SABONETE
1130709;COVOADA
1130710;COVADINHA
1130711;COVOADA LARGA
1130712;ESPONJEIRO
1130713;GAIDO
1130714;LAGEDO VERMELHO
1130715;LOMBO DE AGUA DOS BOIS
1130716;LOMBO LARGO
1130717;MATINHO JOAO AFONSO
1130718;PEDRA LAJA
1130719;POCO DE CORDA
1130720;QUINTAL
1130721;RAIZES
1130722;RIBEIRA DRAGOEIRO
1130723;RIBEIRAO GRANDE
1130724;RIBEIRAO LARGO
1130725;RUA DE PAPA FRIA
1130726;SELADINHA DE CORDA
1130727;RIBEIRA MERADA
1130728;ESCOVADINHA
1130729;MATIM
1130730;LOMBO DE PEDRA
1130731;CHA DE HOLANDA
1130801;ALMEIRIM
1130802;BECO DE PORTO
1130803;CORDA SIMAO
1130804;DESCANSO
1130805;DOGOLHO
1130806;FIGUEIRAL DE CIMA
1130807;LOMBO DE JOAO PAPA
1130808;MANUEL FICO
1130809;RUA ESCOLASTICA
1130810;TERRINHA VERMELHA
1130811;TOPO DE DJACK
1130812;TOPO DE VISTA
1130813;TRAVESSA
1130814;TRAVESSOD
1130815;LOMBO GUERRA
1130816;SELADA DE BOAVENTURA
1130817;SELADA DE ROXO
1130818;CHA DE AUGUSTO
1130901;CAIBOS
1130902;CHA DE COELHO
1130903;CHA DE MACHADO
1130904;CHA DE NEGRO
1130905;FAJA DE PEDRO MENDES
1130906;FAJA DOS BOIS
1130907;FAJA DOS CUMES
1130908;FUNCHO
1130909;FUNDO DE CASACA
1130910;GONCALINHO
1130911;LOMBO DE PEDRA
1130912;LOMBO SANCHA
1130913;BORDEIRA
1130914;CHÃ MACHINHA
1130915;MANUEL RIBEIRO
1131001;COVADA D'ÁGUA
1131002;LAGOINHA
1131003;MATINHO
1131004;RIBEIRÃO ESFIGUEIRAS
1131005;RIBEIRÃO GRANDE
1131006;RECANTO DE RIBEIRÃO LARGO
1131007;RIBEIRINHA
1131009;COVÃO DE LAGOA
1131010;COVOADA FUNDA
1131011;LOMBO DE COVOADA FUNDA
1131012;CRUZ DE JOÃO HERODES
1131013;FIGUEIRINHA
1131014;FUNDÃO DE LAGOA
1131015;LOMBO DE COVÃO DE LAGOA
1131016;CAMPAINHA
1131018;LAGOA
1131019;CHA BRANCA GATEIA
1131021;TRIL
1131101;CHA DE BELINHA
1131102;DONGONHA
1131103;LADEIRA DE GARCA
1131104;LOMBO SANTA
1131105;LOMBINHO BRANCO
1131106;LOSNAS DE RIBEIRA GRANDE
1131107;SILVÃO
1131201;CAFORINHA
1131202;CAMPO DE CAO
1131203;CHA DE FAZENDA
1131204;CHA DE PAPAIA
1131205;CHA DE VIANICHE
1131206;FUNDO DE TANQUE
1131207;LOMBINHO BRANCO
1131208;LOMBO BRANCO
1131209;LOMBO DE CANTINA
1131210;LOMBO DE GAMBOESA
1131211;PONTA DE BARREIRO
1131212;LOMBO DE CALÇÃO
1131213;LOMBO CANSADO
1131214;PONTA DE SINTRA
1131215;ESPONGEIRO
1131216;LOMBO NIGRIM
1131217;CHÃ DE LABRADO
1131218;PEDRA DE PASSARINHO
1131219;ESTRELA
1131220;LOMBO VERMELHO
1131221;GUDINHO
1131222;CAMILO
1131223;CHÃ VIANA
1131224;CRUZ
1131225;NITCHE
1131226;LAGEDO
1131227;PONTA RIBEIRÃO DE BAIXO
1131228;COVOADINHA
1140101;CHA DE CAVALO
1140102;CHA DE CIMA
1140103;CHA DE IGREJA
1140104;CRUZINHA DE GARCA
1140105;CURRAL DE MOCHO
1140106;FAJA GRANDE
1140107;LOMBO CLARA DE MOCHO
1140108;RIBEIRA DO INFERNO
1140109;SELADA DE MOCHO
1140110;FUNDO DE MOCHO
1140111;LOMBO DE JOÃO PEDRO
1140112;CRUZINHA
1140113;COVOADA
1140114;CRUZ
1140115;CABOUCO DE TAREFE
1140116;FUNDO DE CAVALO
1140117;LADEIRA
1140201;FIGUEIRAS DE CIMA
1140202;FUNDAS DE BAIXO
1140203;LOMBO DE GALINHA
1140204;JOANA DEQUE
1140205;MEIO DE ESPANHA
1140206;OS LOMBOS
1140207;SELADA DE CHAPA
1140208;MOROÇOS
1140209;CANCELA
1140210;COVOADA
1140211;FURNAS DE SAL
1140212;LOMBO CASINHA D'ONOR
1140213;MEIO D'GORES
1140301;BOCA DE ENDRIANO
1140302;BRANQUINHA
1140303;CABECADAS
1140304;CABO DA RIBEIRA
1140305;CHA DE ASCENCIO DE HORTA
1140306;CHA DE CIMA
1140307;CHA DE FIGUEIRA
1140308;CHA DE GUIM
1140309;CHA LUIS
1140310;CHANZINHA DE CABECADAS
1140311;CHANZINHA DE HORTAS
1140312;COVOADA
1140313;ENCHADO
1140314;ENDRIANO
1140315;ESPONJEIRO
1140316;FAJA DE MATOS
1140317;FAJA GRANDE
1140318;FANADO
1140319;FUNDO
1140320;FUNDO CHICA
1140321;FUNDO ESTEVAO
1140322;GUIMILEIRO
1140323;LOMBINHO
1140324;LOMBO AMARO
1140325;LOMBO DA CRUZ
1140326;LOMBO DE CACAIO
1140327;LOMBO ENDRIANO
1140328;LOMBO DE TILANDIA DE F. MATOS
1140329;LOMBO DE TILANDIA DE MANTA VELHA
1140330;LOMBO GEADA
1140331;LOMBO JOANINHA
1140332;LOMBO MARIO
1140333;LOMBO NICO
1140334;MANTA VELHA DE FAJÃ DE MATOS
1140335;PORTALINHO DE CABECADAS
1140336;PORTALINHO DE HORTA
1140337;PORTALINHO DE MANTA VELHA
1140338;LOMBO DE NICHE
1140339;CHÃ DE BENTO
1140340;CHÃ DE NOVE
1140341;LOMBO DE GUIM
1140342;GUDE
1140343;PILÃO
1140344;CHÃ DE CAVALO
1140345;CHÃZINHA
1140346;PORTALINHO
1140347;ENXODE
1140348;CAVOCO DE JOÃO VERÍSSIMO
1140349;HORTAS DA GARÇA
1140350;CHÃ DE GOTEIRA
1140351;LOMBO MATIAS
1140353;MARCELO
1140354;LOMBO PELADO
1140355;LOMBO ISIDORA
1140356;LOMBO JOAO DA NINHO
1140401;ESPADANA
1140501;CABO DA RIBEIRA
1140502;CHA DE SANTO
1140503;CHA DE BEANA
1140504;CHA DE MAR
1140505;CHA DE PAULO
1140506;CHA QUEIMADO
1140507;DESCIDA
1140508;VARZINHA
1140509;CHÃZINHA
1140510;LOMBO DE SANTO
1140511;LOMBO
1140512;PÉ DA VINHA
1210101;CHA DE FAZENDA
1210102;CHA DE MANUEL DOS SANTOS
1210103;CHA DE MATO
1210104;CHA DE PADRE DE BAIXO
1210105;CHA DE PADRE DE CIMA
1210106;CHANZINHA
1210107;CINTA DE COVAO
1210108;COVA
1210109;COVAO
1210110;IGREJINHA
1210111;LADEIRA
1210112;LADEIRA FUMACA
1210113;LOMBO DE GASPAR
1210114;PICO DE ANTONIO
1210115;RIBEIRA MARIA DOS REIS
1210116;RIBEIRA SECA
1210117;TABULEIRO DE BAIXO
1210118;TABULEIRO DE CIMA
1210119;TEIXEIRO
1210120;VOLTA ATE
1210121;PORTA DO POLYVALENTE
1210122;CINTA DE COVÃO
1210123;CHANZINHA
1210124;CHÃ CORREIA
1210125;RIBEIRA DE FEITOR
1210126;CHÃ BULE
1210127;CHÃ VALENTIM
1210128;MORRO  DE VENTO
1210129;CABO DA RIBEIRA
1210130;CAVOUQUINHO
1210201;CAMPO DE CAO
1210202;CHA DE JOAQUIM
1210203;CHA DE ERVA
1210204;CHÃO DE JOÃO VAZ
1210205;DRAGOEIRO
1210206;GREGÓRIO GONÇALVES
1210207;JOANICO
1210208;LOMBINHO
1210209;LOMBO DE GASPAR
1210210;LOMBO DE JOANE
1210211;LOMBO LARANJEIRA
1210212;NIKE
1210213;PASSAGEM
1210214;POIO DE PADRE
1210215;SAO TOME
1210216;ROCHA GRANDE
1210217;TEIXEIRO
1210218;LOMBO COMPRIDO
1210301;BOCA DE CAVOUCO
1210302;BOCA DE FIGUEIRAL
1210303;BORRANCA
1210304;CATIFE
1210305;COVA DE BOI
1210306;EITO DE BAIXO
1210307;EITO DE CIMA
1210308;ESDROGAL
1210309;FUNDO CAFÉ
1210310;HORTA DAS CANAS
1210311;LOMBO DE CIMA
1210312;LOMBO DE EITO
1210313;LOMBO DE MARIANA
1210314;MAJAJACA
1210315;PEDRA DAS MOCAS
1210401;BARBELAO
1210402;BRANQUINHO
1210403;CHA DE CAMOCA
1210404;CHA DE LOSNA
1210405;COVA DO ENGENHEIRO
1210406;COVADA DE LARANJA
1210407;ESTANCIA DE PEDRA
1210408;GRETAO
1210409;LADEIRA DAS PEDRAS
1210410;EL BORTO
1210411;LOMBO DE ERVA DOCE
1210412;LOMBO DE PEDRINHO
1210413;LOMBO FREDERICO
1210414;MORRO BRANCO
1210415;MORRO PRETO
1210416;PERO DIAS
1210417;PICO DA CRUZ
1210418;QUEIMADO
1210419;SELADINHA DE LENHAL
1210420;SEM VOZ
1210421;COVADA
1210422;LOMBO CARRASCO
1210423;CAIXA
1210424;SELADA ESTRAGA
1210425;CROQUE
1210426;COVADINHA
1210427;PEDRA FRADA
1210501;BARRACA
1210502;RIBEIRA DAS POMBAS
1210503;TARAFE
1210601;RIBEIRÃOZINHO DE BAIXO
1210602;RIBEIRÃOZINHO DE CIMA
1210603;TANQUE DE ESCADA
1210701;ONDRINHO
1210702;BORDA DE FIGUEIRAL
1210703;CHA DE FELICE
1210704;COVADINHA
1210705;CRUZ
1210706;LOMBO SANTA MARIA
1210707;MERADA NOVA
1210708;PEDRA FRADE
1210709;RIBEIRA DA BESTA
1210710;RIBEIRA DA ESTRADA
1210711;ROCHEADO
1210712;TABULEIRO
1210713;TAPUME
1210714;ESTRAGA
1210715;LOMBO COROD
1210716;CHÃ DE QUIMA
1210717;CHÃ DE GADEI
1210718;TAVERNA
1210719;SANTA ISABEL DA-LA
1210720;CHÃ DE CANDA
1210721;LOMBO NHA ROSÁRIA
1210722;CHÃ DE CANINHO
1210801;FAJA DAS POMBAS
1210901;COICE DAS POMBAS
1210902;POMBAS
1210903;ESTANCIA
1210904;PASSO
1210905;PAUL DE BAIXO
1210906;VICENTE
1210907;FAJA DAS POMBAS
1210908;FURNALHA
1210909;BOAVISTA
1210910;CAVOUCO DE VICENTE
1210911;CHÃ DE MARGARIDA
1210912;MON DE BAIXO
1210913;LARGO DE IGREJA
1211001;BACOTA
1211002;BATATAL
1211003;CABO DE FIGUEIRAL
1211004;CANTO DE VINHA
1211005;CHA CLARA
1211006;CHA DE CANELA
1211007;CHUPADOURO
1211008;ESPANADEIRO
1211009;JUNTA
1211010;LOMBINHO BAIXO
1211011;LOMBINHO DE CIMA
1211012;LOMBO DE LUZIA
1211013;LOMBO MORRO
1211014;QUINTAL
1211015;RECANTO
1211016;RIBEIRAO DE AGUA
1211017;SELADINHA
1211018;SANTANA
1211019;VARZEA DE BAIXO
1211020;VARZEA DE CIMA
1211021;MONTEIRO
1211022;LOMBO DE FEIJOAL BRANCO
1211023;LOMBO DE CINTA
1211024;LOMBO DE JULIO
1211101;AGUADA DE JANELA
1211102;ALCAIDE
1211103;ARRIMANGADO
1211104;BANDA BAIXO
1211105;BARRO ALTO
1211106;BARDO ROCHA
1211107;BORDEIRA
1211108;CABO DA RIBEIRA
1211109;CAVOUCO DE SILVAO
1211110;CHA DE BAIXO
1211111;CHA DE BALCHORIM
1211112;COVOADA DAS PEDRAS
1211113;ENTRETOPO
1211114;FAJA DE JANELA
1211115;FAJANZINHA
1211116;LADEIRA CASINHA
1211117;LOMBO BORDEIRA
1211118;LOMBO CANCELA
1211119;LOMBO CANTREIRA
1211120;LOMBO COMPRIDO
1211121;LOMBO CURRAL
1211122;LOMBO DAS TINTAS
1211123;LOMBO DE CANEQUINHA
1211124;LOMBO PALMARIO
1211125;LOMBO PELADO
1211126;LOMBO RIBEIRA
1211127;LOMBO TANQUIM
1211128;MEIO DE PIOLHO
1211129;MEIO DOS TOPOS
1211130;PENEDO
1211131;PONTINHA
1211132;PRAIA DE GI
1211133;TANQUE
1211134;VARZEA
1211135;FAROL
1211136;LOMBO DE SANTA
1211137;CHÃ DE TIA ELIZA
1211138;CHÃZINHA
1211139;BOCA DA RIBEIRA
1211140;LOMBINHO DE PAU
1211141;LOMBO PELOD DE BAIXO
1211142;AS PERAS
1211143;LOMBO PELOD DE CIMA
1211144;CHÃ DE CARNEIRO
1211145;TESTA
1211146;LOMBO DE CINZA
1211147;PORTON DE VARZINHA
1211148;ESPEDRINHA
1211149;RIBEIRA DE MATO
1211150;CABECEIRA DE HORTA
1211151;PERNAL DE LOMBO
1211152;BORDA ROCHA DE LOMBO
1211153;LOMBO CABO DE RIBEIRA
1211154;RIBEIRA DE ANTONIO
1211155;GUD PIOLHO
1211156;RIBEIRA
1211157;LADEIRINHA
1211158;CRUZINHA
1211159;CINTA VERMELHA
1211160;CHA MAE PAULA
1211161;COVOADA D'AGUADA
1211162;GUARDA ANTONIO D'MAIA
1310101;COVOADA DRAGOEIRO
1310102;ESTANCIA NOVA
1310103;LOMBO DOS CABRITOS
1310104;LOMBO VERMELHO
1310105;AGUA DOS VELHOS
1310201;AS LAJAS
1310202;CHA DE ERVA
1310203;CHA DE PEDRO
1310204;LOMBO PELADO
1310205;SELADINHA
1310206;VARGINHA
1310207;CATANO
1310301;CABECEIRA
1310302;CAVOUCO SILVA
1310303;CHA DE ALECRIM
1310304;CHA DE MORTE
1310305;CHA DE SELADINHA
1310306;COICE DE CHA DE MORTE
1310307;RIBEIRAOZINHO
1310401;CHA DE CURRAL
1310402;CIRIO
1310403;FREDE CIRIO
1310404;LADEIRA DE FREDE
1310405;QUEIMADO CIRIO
1310406;SELADINHO DE CIRIO
1310407;TAPUME
1310408;CHÃ DE ALEXANDRE
1310409;FREDE E LADEIRA DE FREDE
1310410;QUEMADA
1310411;SELADINHA
1310412;CHÃ MANUEL INACIO FREDE
1310413;LADEIRA QUEIMADA
1310501;CABO DA RIBEIRA
1310502;CHA FUNDA
1310503;COVOADA LARGA
1310504;CURRAL DAS VACAS
1310505;CURRAL DAS VACAS DE BAIXO
1310506;CURRAL DAS VACAS DE CIMA
1310507;CRUZ DE CURRAL DAS VACAS
1310508;FIGUEIRA QUINTINA
1310601;MORRO DE RIBEIRA FRIA
1310602;PINTO
1310603;TENENTE
1310604;CHÃ BRANCA
1310605;BORDA DE ESPADANA
1310606;CABO DE CAMPO
1310607;FUNDO AMERICA
1310608;CHÃ LAGOA
1310609;LAGOA
1310610;CEBOLA
1310611;BRANCO
1310612;TORTOLHO
1310613;COMPAINHA
1310614;CHÃ BRANCA DE PINTO
1310615;NINHO DE CORVO
1310618;TABOADINHO
1310619;FUNDO LAGOINHA
1310701;CARPINTEIRO
1310702;CHÃ DE COCHETE
1310703;CHÃ DE LAGOA
1310704;CHÃ DE VINHA
1310705;CHÃ DE ATUM
1310706;CHÃ DE QUEIMADO
1310707;CHÃ ZE FERNANDO
1310708;FUNDO DE AMÉRICA
1310709;LAGOA
1310710;PONTA DE ATUM
1310717;CHÃ DE CAETANO
1310718;COVÃO DE LAGOA
1310719;FIGUEIRINHA
1310720;LAGOA DE CIMA
1310801;BOCA DE MINA
1310802;CAVOUCO DE ALECRIM
1310803;CHA BANCA
1310804;CHA DE SEM COMER
1310805;COVOADA
1310806;COVOADA BRANCA
1310807;FRENTE GUILHERME
1310808;PONTE SUL
1310809;VARZEA LAJEDO/LAJEDO
1310810;VASCONA
1310811;CANCELA
1310812;ZÉ AGRIÃO
1310813;CHÃ CANECA
1310814;JOSÉ BARRANCO
1310815;CHÃ DE MATO
1310901;LOMBO DAS LANCAS
1311001;AGUA DAS CALDEIRAS
1311002;BORDA DE COVA
1311003;CHA DE GRAMA
1311004;CHA DE TAMPA
1311005;COVADINHA
1311006;COVOADA DE CONCE
1311007;LAJEDO
1311008;LOMBINHO DE CINZA
1311009;LOMBO DAS FIGUEIRAS
1311010;LOMBO TORTOLHO
1311011;MESA
1311012;TOPINHO
1311013;VALETA
1311014;PEDRA RACHADA
1311101;MANUEL LOPES
1311102;TITANO
1311103;DOGOI
1311104;SELADINHA
1311105;CHÃ DE CASA
1311106;PITO CANHOTE
1311107;LAR
1311108;CHÃ DE BAIXO
1311201;LUIS SPENCER
1311202;MATO ESTREITO
1311203;QUEIMADO
1311301;CHA DE FIGUEIRINHA
1311302;CRUZ
1311303;CURRAL DA RUSSA
1311304;ESPONJEIRO
1311305;FUNDO DE VACA
1311306;PEDRA JACINTO
1311307;RECANTO
1311308;RIBEIRA DE PAI
1311309;RIBEIRA DO POIO
1311310;TOPINHO
1311311;TRAVESSA DE TRIZ
1311312;MORRO DE VENTO
1311401;PEDRA DE JORGE
1311402;CHÃ DE PAREDE
1311403;LOMBO TAPUME
1311501;COVOADA
1311502;CHA DE CASA
1311503;LOMBO
1311504;POIO
1311505;SELADINHA
1311506;CHÃ DE FOXE
1311507;CHÃ DE JOANA
1311508;CHÃ DE JOÃO BENTO
1311509;FERRADOR
1311510;CHÃ DE TAPUME
1311511;RECANTINHO
1311601;CABO DA RIBEIRA
1311602;CAVOUCO
1311603;CHA DE BESTA
1311604;CHA DE MINDELO
1311605;CHA DE TAMBARINA
1311606;CRUZ
1311607;JOAO DIAS
1311608;LEZARDO
1311609;LOMBO TANQUE
1311610;SELADA
1311611;VARZEA DE TAPUME
1311612;VILA NOVA
1311613;RIBEIRINHA CURTA
1311614;CHÃ DE SALINA
1311615;FONTE CRUZ
1311701;RIBEIRA TORTA
1311801;COVOADA
1311802;COVOADA DE SURRAO
1311803;COVOADA DE MANGACAO
1311804;LOMBO DAS CASINHAS
1311805;LOMBO DE FRANGUINHO
1311806;RIBEIRAO FUNDO DE BAIXO
1311807;SELADA VERMELHA
1311808;TESTE PALHA
1311809;LOMBO DE FRANKLIN
1311810;RIBEIRÃO FUNDO DE CIMA
1311811;CHÃ DE MANGAÇÃO
1312001;CAVOUCO
1312002;CHA DE CASA
1312003;CHA DE JOAOZINHO
1312004;CHA DE ROSINHA
1312005;CHA DE VACA
1312006;LOMBINHO BRANCO
1312007;TABULEIRINHO
1312008;TABUGA DE BAIXO
1312009;TABUGA DE CIMA
1312101;AGOSTINHO PEREIRA
1312102;CABOUCO DE TARAFE
1312103;CHA DE PREGUICA
1312104;COVAO
1312105;CUTELO
1312106;LADEIRA
1312107;LOMBO DE CAL
1312108;PRAIA
1312109;PÉ DE TAMBARINA
1312110;FOR CAL
1312111;SELADA
1312201;ABUFADOR
1312202;ALTO DE PEIXINHO
1312203;ARMAZEM
1312204;BAIRRO
1312205;BERLIM
1312206;BRANQUINHO
1312207;CHA DE CAMOCA
1312208;COVOADA
1312209;ITALIA
1312210;LOMBINHO
1312211;LOMBO BRANCO
1312212;LOMBO DE MEIO
1312213;MORRO BRAZ
1312214;POZOLANA
1312215;RIBEIRA CORUJINHA
1312216;SAO TOME
1312217;CURRALETE
1312218;ALTO SÃO TOMÉ
1312219;CHÃ DE ITÁLIA
1312220;CHÃ DE MATINHO
1312301;CHÃ DAS PIPAS
1312302;ORELEANO
1312303;CASA DE MEIO
1312401;ÁGUA DAS CALDEIRAS
1320101;BURRA
1320102;CAVOUCO PODRE
1320103;CHA BONITA
1320104;CHA DAURINCA
1320105;CHA DE BAIXO
1320106;CHA DE CIMA
1320107;CHA DE DRAGOEIRO
1320108;CHA DE FIGUEIRA
1320109;CHA FORA
1320110;CHA GORADO
1320111;CHA GREGORIO
1320112;CHA QUEIMADO
1320113;CHA SANTANA
1320114;CHANZINHA
1320115;COVOADA DESENFADO
1320116;COVOADA PURGUEIRA
1320117;DESENCAMINHADINHA
1320118;DOMINGUINHAS
1320119;FAIAL
1320120;HORTA TRAZ
1320122;LOMBO TANQUE
1320123;MINGALAO
1320124;SELADINHA
1320125;CALHAU LIMA
1320126;GORADO
1320127;LOMBO GORADO
1320128;OLIVEIRO
1320129;COVOADA
1320130;QUEIMADO
1320131;LOMBO D'OMBROSE/LOMBINHO
1320132;LADEIRA
1320133;BORDEIRA
1320201;CHA DE ALTO MIRA
1320202;CHA DE BRANQUINHO
1320203;CLEMENTINO
1320204;COVOADA BRANCA
1320205;COVOADA DE VASSOURA
1320206;CHÃ LIGEIRAO
1320301;BOCA DE CAVOUCO
1320302;BORDEIRA
1320303;CHÃ / LOMBINHO
1320401;CAVOUCO
1320402;CAVOUCO DE AGUA
1320403;CHA DE BEATRIZ
1320404;CHA DE ESTEVAO
1320405;CHA DE JACINTA
1320406;COUVADA
1320407;FUNDO JORGE LUIS
1320408;MIGUEL PIRES
1320409;LOMBO TANQUIM
1320410;LOMBO TOURO
1320411;LOMBO VELHO
1320412;PAU BONITO
1320413;SELADA
1320414;SELADINHA
1320501;CABECADA MARTIENE
1320502;CARVO EILINHO
1320503;CHA DE TAMBEQUE
1320504;CHA DE TOURIM
1320505;CHA FUNDO
1320506;ESPONJEIRO
1320507;ESTREITO MARTIENE
1320508;LOMBO COVOADA
1320509;PE DE COCO
1320510;PEDRA PILAO
1320511;VARZINHA
1320512;SARRANA
1320513;TCHÃ D'SARRANA
1320514;LOMBO
1320515;TCHÃN
1320516;FREDERIC
1320517;LOMBO D'ANTÓNIA
1320518;RIBEIRA
1320519;ESTREITO
1320520;CASA NOVA
1320521;SELADA
1320522;BORDEIRA
1320601;MONTE TRIGO
1320701;AGUA DAS PATAS
1320702;AGUA MARGOSA
1320703;ALDEIA
1320704;CHA DE CRUZ
1320705;CHA DE FERNANDO
1320706;CHA DE MANUELINHO
1320707;CHA DURA
1320708;CHA QUEIMADO
1320709;FIGUEIRINHA
1320710;PASCOAL ALVES
1320711;TABUADINHO / CHÃ FEIJOAL
1320712;MORRINHO DÉGUA
1320713;CHÃ DE JOAQUIM
1320801;CAVOUQUINHO
1320802;CHA BRANCA
1320803;CHA DE PASSAO
1320804;LADEIRA
1320805;LOMBO PELADO
1320806;MORRO DA RUSSA
1320807;PONTA DE PAREDE
1320808;PONTA LOMBINHO
1320809;TABUADO
1320810;LAGEDOS
1320811;CHÃO JOÃO CARLOS
1320812;BOMBE
1320813;CHÃ RECHA
1320814;CHÃ CHIQUEIRO
1320815;LOMBO IGREJA
1320817;LOMBO SELADINHA
1320818;LOMBO CHÃ D'AVENTURA
1320819;LOURENÇO MARCO
1320820;CHÃ SALVADOR
1320821;LOMBO LAGARTO
2110101;MATIOTA / CAIS ACOSTÁVEL
2110102;ALTO MIRAMAR / ALTO SANTO ANTÓNIO
2110103;ZONA MILITAR
2110104;TORRADA
2110105;ALTO SÃO NICOLAU
2110106;FORCA
2110107;CHÃ DE MONTE SOSSEGO
2110108;LAZARETO
2110109;MORRO BRANCO
2110110;BELA VISTA / PEDREIRA
2110111;CAMPINHO
2110112;CENTRO CIDADE / MORADA
2110113;CHÃ DE ALECRIM
2110114;CHÃ DE CEMITÉRIO
2110115;CRUZ JOÃO EVORA
2110116;DJI D'SAL
2110117;FONTE INÊS / ESPIA
2110118;FERNANDO PÓ / HORTA SECA
2110119;FONTE CÓNEGO
2110120;FONTE FILIPE
2110121;FONTE FRANÇÊS
2110122;MONTE / CRACA
2110123;MONTE SOSSEGO
2110124;MADEIRALZINHO
2110125;PEDRA ROLADA
2110126;RIBEIRA BOTE
2110127;RIBEIRA DA CRAQUINHA
2110128;RIBEIRA DE JULIÃO
2110129;RIBEIRINHA
2110130;VILA NOVA / LOMBO TANQUE
2110131;FORTINHO
2110201;LAMEIRÃO
2110202;MATO INGLÊS
2110203;PÉ DE VERDE
2110302;KM 6
2110303;RIBEIRA JULIAO
2110401;RIBEIRA DA VINHA
2110501;BAIRRO BRANCO
2110502;CALHAU
2110503;CHÃ DE MADEIRAL
2110504;MADEIRAL
2110505;KM 10
2110506;KM 11
2110507;KM 12
2110508;KM 13
2110509;KM 14
2110601;BAÍA DAS GATAS
2110602;NORTE DA BAÍA
2110603;SALAMANSA
2110701;SÃO PEDRO / SANTO ANDRE
3110101;CABEÇO
3110102;COVOADA
3110103;TOPO
3110104;SANTO ANTÓNIO
3110105;PORTAL
3110106;LADEIRA
3110107;LOMBO COVOADA
3110108;CHÃZINHA
3110109;PASSO COVOADA
3110110;LALAI
3110111;DOMINGUINHA
3110112;JOIA
3110113;CINTA
3110114;ALTO JOÃO MANUEL
3110201;ALTO
3110202;BORDA DA RIBEIRINHA
3110204;HORTA NOVA
3110205;LADEIRA GRANDE
3110206;LARGO CHAFARIZ
3110207;LARGO DJIDJA
3110208;MONTREIRO
3110209;PONTE
3110210;BATEL
3110211;CHÃ DE COBRA
3110212;CHÃ DE BOTE
3110213;ESTÂNCIA DE BRAZ
3110214;PONTA DE SALINA
3110215;CINTINHA
3110301;FAJA DE BAIXO
3110302;FURADO
3110303;MORRE HOMEM
3110304;RIBEIRA DOS BICHOS
3110305;TRAGO
3110306;GARÇOTO
3110307;CHÃ DE BARATA
3110308;JANONA
3110309;SANGALA
3110311;BURACÃO
3110312;PONTÃO
3110313;CABEÇO MORRE HOMEM
3110314;PELOURINHO
3110315;LOMBO DE FUNDO
3110316;GALERIA
3110317;CANTO MATIAS GOMES
3110318;ASSOMADA
3110401;MORAL
3110402;QUEIMADAS DE BAIXO
3110403;TERRA BRANCA
3110404;TERRA QUEBRADA
3110405;TRÁS DE LOMBO
3110406;LOMBO
3110407;CERRADO
3110408;CONCEIÇÃO
3110501;ALTO CANTREIRA
3110502;CAMARÕES
3110503;MICHINHA
3110504;MONTE BAIXO
3110505;TESTA
3120101;AGUA DAS PATAS
3120102;ALTO DE ESQUINHA
3120103;COXO DE AGUA. DAS PATAS
3120104;CANAL
3120105;TOPO
3120106;HORTA DE CIMA / HORTA GRANDE
3120107;CABEÇO DE AGUA  DAS PATAS
3120108;MÃE VELHA
3120109;PICO AGUDO
3120110;CAPINHO
3120201;BELEM DE BAIXO
3120202;BELEM DE CIMA
3120203;CHA DE LANCHA
3120204;LEM CORVO
3120205;TOPO DE AGUA
3120206;ZURIQUE
3120207;BELÉM
3120301;BOQUEIRAO
3120302;LOMBO DE BOQUEIRÃO
3120303;LOMBO ROBERTO
3120501;CACHACO
3120502;FUNDO PEDRO CLARA
3120503;ASSOMADA
3120504;DEGREDO
3120505;LOMBO
3120506;FUNDO ANTOLOPO
3120507;CRUZITINHA
3120508;FIGUEIRAS ALTAS
3120509;MONTE GORDO
3120510;GUDA
3120601;ASSOMADA DE VILA
3120602;CALEIJAO
3120603;MARICA
3120604;PICO TORTO
3120605;TOME PIRES
3120606;TRAVESSA TOME PIRES
3120607;CABECO DE CALEIJÃO
3120608;ÁGUA CANAL
3120609;CHÃ
3120610;HORTA NOVA
3120611;MORRINHO
3120612;CAMPO PREGUIÇA
3120613;ALTO CONSOLADO
3120702;CAMPINHO
3120703;CAMPINHO NORTE
3120704;CAMPINHO SUL
3120705;CRUZETA
3120706;FABATEIRA
3120707;ALTO MIGUEL ANTÓNIO
3120708;BELA SOMBRA
3120709;ESTÁBUA
3120710;BOCA DE CARVAO
3120711;FURNA
3120712;MARÉ BRANCO
3120713;LOMBO BRANCO
3120801;CARRICAL
3120802;R. ALTO
3120901;CARVOEIROS
3120902;MONTE BAIXO
3120903;CHÃ
3120904;MONTE CIMA
3120905;RIBEIRÃOZINHO
3121001;COVOADA CARDO
3121002;DELIGENCIA
3121003;RIBEIRA DE BAQUER
3121004;COELHA
3121101;CANTO FAJA
3121102;CHA MANCLARA
3121103;PICO AGUDO
3121104;LADEIRA ESTRADA
3121105;LOMBO DA GRAÇA
3121106;CALDEIRA QUENTE
3121107;CABEÇO DE MORRO HOMEM
3121108;CANAL DE NICA
3121109;CHAFARIZ
3121201;CASINHAS
3121202;FIGUEIRA COCHO
3121203;PATARESA
3121701;JUNCALINHO
3121702;SPENCER
3121801;ASSOMADA GAMBOESA
3121802;CHA TADEIA
3121803;CRUZ DE ROQUE
3121804;GAMBOESA D'AGUA
3121805;GOIABEIRA
3121806;LARANJALINHO
3121807;LOMBO PELADO DE BAIXO
3121808;LOMBO PELADO DE CIMA
3121809;PENEDA
3121810;TRAGO
3121811;CHÃ MANCLARA
3121812;PIANÇÃO
3121813;LADEGIRA GRANDE
3121901;ASSOMADA DRAGOEIRO
3121902;CABECA DE VACA
3121903;MARGOSA
3121904;MORRO
3121905;NORTINHO
3121906;RECANTO
3121907;RIBEIRA SECA
3122001;MORRO ALTO
3122101;CHÃ DE CANTINHO
3122102;ESTANCINHA
3122103;MANGRANDE
3122104;ALTO DE CANECA
3122105;PALINHA
3122106;PANDULHA
3122107;ALTO CANECA
3122108;MORRO BRÁZ
3122401;ALI DE BAIXO
3122402;MONTE VIDEU
3122403;FORTE
3122404;PREGUIÇA
3122701;CIGANA
3122702;ENSOSSO
3122703;FAIEL
3122704;FUNDO FIGUEIRA
3122705;MARIA PALINHA
3122706;MOFINA
3122707;PALSO
3122708;POMBAS
3122709;RABONA
3122710;RIBEIRA DAS VACAS
3122711;RIBEIRAO
3122712;TALHO / CHÃ DE TALHO
3122713;CHÃ COLINHA
3122714;PONTA LESTE
3122715;CABOQUIM
3122716;BARREIRO
3122801;CENTRO / VILA
3122802;CHANZINHA
3122803;ESTANCIA DE BAIXO
3122804;LADEIRA
3122805;LOMBINHO
3122806;MONTE ALEGRE
3122807;SAO JOAO
3122808;RIBEIRINHA
3122809;ALTO CANECA
3122810;MANUEL ANTÓNIO
3122811;CAPON
3122812;ROCHINHA
3122813;PENEDO
3122814;CRONTCHA
3122815;MARICA
3122816;LAPA
3122817;MAIMONA
3122818;PANDULHA
3122819;LOMBONA
3122820;FRONTEIRA
3122821;MERMORIAL
3122822;PASSAGEM
3122823;ALTO MIRA
3122824;MEIO ESTANCIA
3210101;CACHACINHO
3210102;CALDEIRA
3210103;CHAMICO
3210104;CHAMICO DE CIMA
3210105;CHAMICO DE BAIXO
3210106;CHÃ DE CALDEIRA
3210107;ASSOMADA CABECALINHO
3210108;RIBEIRA DE FONTE
3210109;ESTANCHA
3210110;CHÃ
3210111;LOMBO CABECALINHO
3210112;MISSEMIRINHA
3210113;LOMBO FERREIRA
3210114;COXO DE CABEÇALINHO
3210115;CURVA DE BARRAQUINHA
3210116;LOMBO COLO/LOMBO LOTEIRO
3210117;MATO FORT
3210118;TITEIA
3210119;ALTO CACÁCO
3210301;CRUZINHA
3210302;FRAGATONA
3210303;GERONIMO
3210304;SANTA BARBARA
4110601;ALTO SANTA CRUZ
4110602;ALTO S. JOÃO
4110603;BAIRRO NOVO
4110604;BOAVISTA
4110605;CHÃ DE MATIAS
4110606;FORÇA AEREA
4110607;FORTINHO
4110608;HORTELÃO
4110609;LOMBA BRANCA
4110610;MORRO CURRAL
4110611;PREGUIÇA
4110612;RIBEIRA FUNDA
4110613;SANTA CRUZ
4110614;ÁFRICA
4110615;PRÉ-FABRICADA
4110616;ILHA MADEIRA
4110617;ALTO ELECTRA
4110618;PRETORIA
4110619;BAIRRO NOVO I
4110620;FERRADURA
4110621;I.F.H.
4110622;BAIRRO MILITAR 8/24
5110101;CABEÇA DOS TARRAFES
5110201;FUNDO DAS FIGUEIRAS
5110301;JOÃO GALEGO
5120101;BOFARREIRA
5120201;ESTÂNCIA DE BAIXO
5120301;POVOAÇÃO VELHA
5120401;RABIL
5120402;BOAVENTURA
5120403;CABEÇADA
5120501;SAL REI
5120502;BOM SOSSEGO
5120503;PONTA D'AREIA
5120504;PADRE VARELA
5120505;RIBA D'ALTO
5120506;RUA DE CABOQUE
5120507;SANTA BARBARA
5120508;FARINAÇÃO
5120509;RUA DE CRUZ
5120510;RIBEIRINHA
5120511;LARGO SANTA ISABEL
6110101;LÉM BARRELA
6110102;BANDA RIBA
6110201;CALHETA DE BAIXO
6110202;CALHETA DE CIMA
6110203;LÉM TAVARES
6110301;CASCABULHO
6110401;FIGUEIRA HORTA
6110402;FIGUEIRA SECA
6110501;MORRINHO
6110601;MORRO
6110701;PEDRO VAZ
6110801;ALCATRAZ
6110802;PILÃO CÃO
6110901;PRAIA GONÇALO
6110902;SANTO ANTÓNIO
6111001;RIBEIRA DOM JOÃO
6111101;ZONA CENTRAL
6111102;ZONA CICLO
6111103;ZONA CORREIO
6111104;ZONA EMPA
6111105;CALHETINHA
6111106;CASA CARVALHO
6111107;CAPELINHA
6111108;ZONA FAROL
6111109;FONTONA
6111110;BICHE ROCHA
6111111;CASA GAFANHOTO
6111112;ZONA AMPLIADA
6111113;CLUB ONDAS DO MAR
6111201;PILÃO CÃO
6111301;SANTO ANTÓNIO
7110101;ACHADA BISCANHOS
7110102;BIMBIRIM
7110103;LAPA CACHORRO
7110201;CHAO TAVARES
7110202;CUTELO NUNES
7110203;LEM DA COSTA
7110204;LEM VARELA
7110205;RUA COMPRIDA
7110206;ACHADA LAGOA
7110207;TCHAM
7110208;RIBA LA
7110301;ACHADA LONGUEIRA
7110302;ACHADA PILAO CAO
7110303;ACHADA PONCIANO
7110304;AGUADINHA
7110305;BAIXO CASA BRANCA
7110306;CABECA VACA
7110307;CANTADOR
7110308;CASA CHOCA
7110309;CUTELO MENDES
7110310;CUTELO MOREIRA
7110311;GUINDAO
7110312;MONTE VERMELHO
7110313;MONTINHO
7110314;PAGIGALO
7110315;PASSO
7110316;PONTA
7110317;TRAVESSA VAZ
7110318;VALA
7110319;CUTELINHO
7110401;ACHADA CRUZ
7110402;ACHADA MEIO
7110403;FUNDO PORTAL
7110404;MARICOTA
7110405;PONTA CHAO BOM
7110406;PORTAL BAIXO
7110407;RIBA CUTELO
7110408;PORTAL RIBA
7110409;PONTA LEMBA LEMBA
7110410;CHÃO DIANTE
7110501;ACHADA MOIRAO/RIBA TCHÃ
7110502;BAIXO
7110503;BELEM
7110504;CARREIRA
7110505;CUTELO
7110506;GAMCHEMBA
7110507;LONTIGUEIRO
7110508;PE DE MONTE
7110509;PONTA BAIXO
7110510;PORTAL
7110511;RIBEIRAO CARRASCO
7110512;TAMAREIRA
7110513;LEM MORREIRA
7110514;ACHADA LIMANIPO
7110515;MORÃO DENTRO
7110516;PONTA
7110601;ACHADA PORTO
7110602;ACHADA TENDA / TENDA
7110603;BILIMBOA
7110604;ACHADA BAIXO
7110605;SALA BANDEIRA
7110606;KELEM
7110607;BAIXO
7110701;CHAO DE JUNCO
7110702;CUTELO
7110703;ESCADA
7110704;FANHOZA
7110705;GUARDA SANCHES
7110706;MONTE
7110707;PEDRA FERRO
7110708;RENQUE MEIO
7110709;RENQUE TRAZ
7110710;ROCHA BRANCA
7110711;SOMBRA DE MONTE
7110712;PONTA BASSORA
7110713;C. CORREIA
7110714;TAGARRA
7110801;BAIXO DA ESTRADA
7110802;CABECA CARREIRA
7110803;CAMPO TRABALHO
7110804;CHAO BOM
7110805;COLUNATO
7110806;ESTRADA
7110807;LEM DE TCHADA
7110808;LEM MENDES
7110809;LEM TAVARES
7110810;MONTE DE MOSCA
7110811;PECHECO
7110812;PERDIGOTO
7110813;PONTA RIBEIRA
7110814;QUINTAL
7110815;RIBA ESTRADA
7110816;RUA D'HORTA/RIBA D'HORTA
7110817;CHÃO DE LAVADA
7110901;CURRAL VELHO
7110902;CUTELO LAXIDO
7110903;ACIMA CUTELO
7110904;RIBEIRA LIMÃO
7110905;PEDRA CUMPRIDA
7110906;CUTELO GOMES
7110908;PEDRA JUNTADO
7111001;ACHADA BILIM
7111002;FAZENDA
7111003;ASSOMADA
7111101;CALDEIRA
7111102;FIGUEIRA MUITA
7111103;PONTA ALTO
7111109;CHÃ TAVARES
7111201;COVAO MENDES
7111202;FONTE BANANA
7111203;LEM MONTEIRO
7111204;MATO GALO
7111205;PONTA VITAL
7111206;RABO DAGU
7111207;SUBIDA ESPINHO
7111208;LAGOA
7111209;TRAVESSA BAIXO
7111210;CHÃO FRADA
7111301;CHAO DE QUEBRADA
7111302;MASSAPE
7111303;MATO BRAZIL
7111304;MATO FAVA
7111305;MONTE VERMELHO
7111306;MONTINHO
7111307;QUEBRADA
7111308;CUTELO D'ACHADA
7111401;ACHADINHA
7111402;CHAO DE MATO
7111403;COCO SANCHES
7111404;CUTELO BAIXO
7111405;FUNDO
7111406;LAPA PORCO
7111407;LEM BORGES
7111408;MATO BAIXO
7111409;PEORNEL
7111501;ACHADA MILHO BRANCO
7111502;PE DE ROCHA
7111503;PONTA ALTA
7111504;QUEBRADA
7111601;PONTA DO LOBRAO
7111602;PONTA FURNA
7111701;ACHADINHA
7111702;BONGOLON
7111703;CUBA DE BAIXO
7111704;RIBEIRA DA PRATA
7111705;ACHADA CUBA
7111706;CUTELO
7111801;CHAO DE CAFE
7111802;CUTELO BAIXO
7111803;CUTELO DE PORTAL
7111804;FUNDA PORTAL
7111805;RIBEIRAO SAL
7111901;ACHADA CARREIRA
7111902;ACHADA IGREJA
7111903;JOAO VARELA
7111904;TRAS OS MONTES
7111905;TRAVESSA PINHA
7111906;COVÃO DE ESTRADA
7111907;LEM BARELA
7111908;LÃ VARELA
7111909;DJAGUI-DJAGUI
7111910;PRINDA CATCHOR
7111911;FUNDO LOJA
7111912;RIBA LI
7111913;CHÃO GRANDE
7112001;COLHE BICHO
7112002;COVAO SANCHES
7112003;MONTE IRIA
7112004;PONTA GATO
7112005;PONTA LAGOA
7112006;VILA (CENTRO)
7112007;MDR
7112008;CHÃ DE CAPELA
7112009;MONTE BODE
7112010;SORRADO CABINDA
7112011;SARRADA
7112012;ACHADA BAIXO
7112013;PONTA DE ATUM
7112014;ALTO ESTRADA
7210101;ACHADA CARAPATE
7210102;ACHADA GALEGO
7210103;CALDEIRA
7210104;GUDO
7210105;PONTA FUNDO
7210106;PONTA LOPES
7210107;ASSOMADINHA
7210201;ACHADA CAMELO
7210202;CHA DE BAIXO
7210203;CHAO DE RIBA
7210204;LADEIRA
7210205;CHAO SANTOS
7210206;CHAO TAVERNA
7210207;VIUVA
7210301;ACHADA LAZAO
7210302;LÉM VARELA
7210303;ACHADA BAIXO
7210304;INHEU
7210305;CUTELO
7210306;COVÃO ZIMBRÃO
7210401;ACHADA LEITE
7210402;RIBA DE ACHADA
7210403;LÉM DA VEIGA
7210405;PIZARRA
7210406;LÉM FIDALGO
7210407;CUTELO
7210408;LÉM MONTEIRO
7210501;ACHADA BAIXO
7210502;ALTO JOAO DO
7210503;BERBEL
7210504;CAVALEIRO
7210505;CHA DE LAGOA
7210506;CHAO BAIXO
7210507;CHIQUEIRINHO
7210508;CURRAL VELHO
7210509;FUNCO GUARDA
7210510;FUNDURA
7210511;JAGAU
7210512;LAGE
7210513;LEM DIAS
7210514;LEM DOS REIS
7210515;LEM FORTES
7210516;LEM MARTINS
7210517;LEM SEMEDO
7210518;LEM SILVA
7210519;LEM TAVARES
7210520;MATO FUNDURA
7210521;PASSO DE VACA
7210522;PIZARRA
7210523;PORTAL DE FURNA
7210524;QUINTAL VARELA
7210525;SARRADAO
7210526;SOBRADO
7210527;TABANCA
7210528;TABERNA
7210529;VILA NOVA
7210530;VOLTA DE MONTE
7210531;LÉM PEREIRA
7210532;SANTOS CARVALHO
7210534;LÉM MONTEIRO
7210601;ACHADA PONTA
7210602;PONTA
7210701;ACHADA PELADO
7210702;ACHADA TOSSA
7210703;ASSOMADINHO
7210704;BARREIRA
7210705;BOCA MATO
7210706;CARVOEIRO
7210707;CHAO OLIVEIRA
7210708;CUTELO
7210709;LEM ALMEIDA
7210710;MALVEIRA
7210711;MONTE
7210712;MANIPO
7210713;COVÃO GONÇALVES
7210714;CARRAPATO
7210716;LÉM ROCHA
7210717;LÉM BORRADA
7210718;COVÃO DE PAPAIA
7210801;ACHADA FORA
7210802;CHAO DE MONTE
7210803;RIBEIRAO AREIA
7210804;CUTELÃO
7210901;ARRIBADA CIMA
7210902;ARRIBADA COELHO
7210903;COVÃO JORGE
7210904;CUTELO
7210905;ARRIBADA
7210906;CONTEIRA
7211001;BANANA SEMEDO
7211002;COVA FURTADO
7211003;FONTE SEMEDO
7211004;FOGA GATO
7211005;ILHEU
7211101;CANICO
7211102;CARREIRA
7211103;COVAO DA VEIGA
7211104;CUTELO
7211105;GALEAO
7211106;JULANGUE
7211107;LEM GRANDE
7211108;POILAO
7211109;ESCOLA (BOA ENTRADA)
7211110;CHORORO
7211111;COVÃO DE MELO
7211112;CUTELO VAZ
7211113;MONTE
7211114;CUTELO MOREIRA
7211115;LÉM ALMADO
7211201;ALENTEJANO
7211202;BOA ENTRADINHA
7211203;CARREIRA
7211204;CHAO FORMOSA
7211205;CUTELO
7211206;CUTELO DJABE
7211207;DJABE
7211208;FONTE GRANDE
7211209;FUNDAO
7211210;LAPA CORUJA
7211211;LEM MOREIRA
7211212;LONGUEIRA
7211213;PALHA CARGA
7211214;PURGUEIRA
7211215;RIBEIRA GRANDE
7211216;ROMAO
7211217;SUBIDA GRANDE
7211218;ROMBA
7211219;NONEIRA
7211220;CULUMBAN
7211222;SUBIDA FONTONA
7211223;LÉM VAZ
7211224;EM CIMA MONTE
7211225;CASA ESCOLA
7211226;CUTELO LOPES
7211227;RABO MULA
7211228;COVÃO PEREIRA
7211301;BECO
7211302;BOMBARDEIRO
7211303;CARREIRA
7211304;CARRICO
7211306;CHA DE CARREIRA
7211307;CHA DE PINHA
7211308;CHA DE RIBA
7211309;HUNGRIA
7211310;LARANJINHA
7211311;MAMONDA
7211312;MANIPO
7211313;RIBEIRAO CARRICO
7211314;TELHAL
7211315;TRAVESSA
7211316;VOLTA DE OURO
7211317;CHÃ DE NONA
7211318;ALTA MERA
7211319;VOLTADOR
7211320;TRAVESSA BAIXO
7211321;CASA GRANDE
7211322;CHÃ DE CANA
7211401;CHA DE CRUZ
7211403;LEM DE PAREDE
7211404;LEM MONTEIRO
7211405;LEM VIEIRA
7211406;CUTELO
7211407;CHÃ PEREIRA
7211408;LÉM GOMES
7211410;CHÃO GOMES
7211411;CHÃO CABRAL
7211501;ACHADA GRANDE
7211502;ACHADA GREGORIO
7211503;BOA VISTA
7211504;CHA DE POMBAL
7211505;CHA DE TANQUE
7211506;DESDES
7211507;GAMBOA
7211508;MINA DE OURO
7211509;ROMAO
7211510;RIBEIRAO ENGRACIA
7211511;SONGO
7211512;POMBAL
7211513;PONTA CRUZ
7211601;CHARCO
7211602;RIB ISCA
7211603;LOCA LE
7211604;TABERNA
7211605;COVÃO DENTRO
7211606;TERRA VERMELHO
7211607;FIGUEIRA COXO
7211608;LÉM FREIRE
7211701;CRUZ GRANDE
7211702;PORTAL DE FURNA
7211703;QUATRO CAMINHO
7211704;COVAO ROBALO
7211801;CASTELO
7211802;COVAO PORTAL
7211803;ENTRE PICOS
7211804;MATO D'ONCA
7211901;ENTRE PICOS DE CIMA
7211902;ENTRE PICOS DE BAIXO
7211903;ENTRE PICOS DE MEIO
7212001;ACHADA DA AGUA
7212002;ACHADA HILARIO
7212003;ACHADA NHO MARCO
7212004;ACHADINHA
7212005;BOLE
7212006;CACHEU
7212007;CHA DE CUBA
7212008;CHA DE CURRAL
7212009;CHA DE FIGUEIRA
7212010;CHA DE LAGOA
7212011;CHAO DE LORNA
7212012;CHAO DE PINTO
7212013;COVAO BAIXO
7212014;CRUZ
7212015;CURRAL DE CABRA
7212016;FEITAL
7212017;FIGUEIRA DAS NAUS
7212018;GANCHUMBA
7212019;GARGANTA
7212020;MARMULANO
7212021;MONTE MOSCA
7212022;PEDRA BRANCO
7212023;PONTA POCO
7212024;RUFEU
7212025;FIGUEIRA MESA
7212026;CABEÇA BODE
7212027;MONTE FEITAL
7212101;ACHADA BRAZ
7212102;CABECA CARREIRA
7212103;TCHRORO
7212104;CRUZ DE CIMA
7212105;FONTEANA
7212106;FONTIANINHO
7212107;FOTALEZA
7212108;ILHEU
7212109;LEM GOMES
7212110;MASSAPE
7212111;MONTE TIRO
7212112;VILA CANTOR
7212113;VIVENDA
7212114;PEDRACA
7212115;LÉM DE ALMADA
7212116;F.ANINHO
7212117;RIBA CUTELO
7212201;BANANA
7212202;CHA DE MOREIRA
7212203;COLEGIO
7212204;FONTE LIMA
7212205;LEM DE ALMEIDA
7212206;NONA
7212207;PEDRA VERMELHA
7212208;COVÃO DENTRO
7212209;COBERTA
7212210;CUTELINHO
7212211;CHÃ DE BAIXO
7212212;COVON
7212213;CHA FERREIRA
7212214;CHÃ
7212215;CURRAL
7212216;LAPA
7212217;BEGUERA
7212218;PONTA FONTE LIMA
7212219;RIBEIRA POTE
7212301;BOQUEIRAO
7212302;CADA VEZ
7212303;CATIVO
7212304;CHA DE OURO
7212305;COVAO RIBEIRO
7212306;CUTELO VARELA
7212307;FUNCO
7212308;FURNA ABAIXO
7212309;PICO REBELO
7212310;RIBEIRÃO CONSTANTINA
7212311;VISTA NOVA
7212312;CHÃO DE PINHA
7212313;COSTA MATO
7212314;FURNA CIMA
7212315;ALTO GALO
7212316;CUTELO DA VEIGA
7212317;LÉM DA MORA
7212318;ARRIBADA
7212319;ARRIBADA ACIMA
7212320;ARRIBADA COELHO
7212401;CHAO GRANDE
7212402;CRUZ
7212403;GAMCHEMBA
7212404;MANIPO
7212405;RIBEIRA BAIXO
7212406;CHÃ DE CURRAL
7212501;ACHADA RIBA
7212502;CARRAPATE
7212503;COVAO MARTINS
7212504;CUTELO SEMEDO
7212505;LEM TEIXEIRA
7212506;PONTA LOPES
7212507;RABOLO
7212508;SERRA PAU
7212509;VILA NOVA
7212510;LÉM VARELA
7212511;PONTA FURNA
7212512;BETORE
7212513;PONTA TRAVESSA
7212514;JOAQUIM VIEIRA
7212601;CIDREIRA
7212602;COVAO DE GOIABA
7212603;COVAO ROBALO
7212604;CUTELO DE HORTINHA
7212605;CUTELO MOREIRA
7212606;FONTE GONCALVES
7212607;JAPLUMA
7212608;BRAGANÇA
7212701;ACHADINHA
7212702;COVAO VAZ
7212703;LEM MOREIRA
7212704;MANCANHA
7212705;PONTA MENDES
7212706;CAMPANADA
7212707;LÉM SEMEDO
7212708;CUTELO MENDES
7212709;DJANBAM
7212710;RIBA PONTA
7212711;CUTELO PAU
7212712;RIBA CUTELO
7212713;LÉM PEREIRA
7212714;FONTIANA
7212715;PONTA BIZERO
7212716;ACHADINHA RIBA
7212717;ACHADINHA BAIXO
7212718;CHÃO DE NONA
7212719;CRUZ / CRUZ MARCO
7212720;TCHAM
7212801;JOAO DIAS
7212802;RIBEIRA GRANDE
7212803;CHÃO DE BANANA
7212804;CHÃO DE GUDIM / GUDIM
7212805;MATO
7212806;CUTELO MATO
7212807;MASSAPÉ
7212808;CHÃO DE LIMÃO
7212809;ACHADA PILOTO
7212810;CUTELO MENDES
7212811;MAFAFA
7212812;CUTELÃO
7212813;CHÃ DE PAULO
7212814;CHÃ DE BANANA
7212815;LÉM FURTADO
7212816;CHÃ TAVARES
7212818;CHÃ DE LORAJA
7212819;CRUZ SERRA
7212820;CHAMINÉ
7212821;SOSSA
7212822;RIB NONO
7212823;BASTEÃO
7212824;CHÃO CORREIA
7212825;SÃO CAETANO
7212826;LÉM LOPI
7212901;AGUADA
7212902;CHAO BANANA
7212903;JUNCO CIMA
7212904;CRUZ DE PICOS
7212905;JUNCO BAIXO
7212906;CURRAL GRANDE
7213001;LIBRAO DOS ENGENHOS
7213002;BACA CORRENTE
7213003;CHÃ DE CASA
7213004;LÉM BATALHA
7213005;TCHUPANA
7213006;ALDEIA
7213007;LÉM DE REDA
7213008;CUTELO (PARIBA)
7213009;MERCADOR
7213010;LÉM LOPES
7213011;CADA VEZ
7213012;SARADO RIBA
7213013;LIBRÃO RIBA
7213014;CUTELO
7213015;PENEDO (SARRADO)
7213101;LARANJEIRA
7213102;PONTA RIBEIRA
7213103;RINCUADA
7213104;LUGAR VELHO
7213105;PIA
7213201;CHAO TAVARES
7213202;CHIQUEIRO BARBOSA
7213203;FUNDO BAIXO
7213204;LEM GARCIA
7213205;LEM SILVA
7213206;MANCHOLY
7213207;MONTE MOREIRA
7213208;ACHADA BORGES
7213301;BANCO D'OURO
7213302;CALBECEIRA
7213303;CHAO GOMES
7213304;CHAO SEMEDO
7213305;FEIXO
7213306;MALGOS
7213307;MATO BAIXO
7213308;MEIO MUNDO
7213309;COVAO TRAZ
7213401;AGUINHO
7213402;CAMASTOURO
7213403;CASA GRANDE
7213404;CHAO DE CASA
7213405;CHAO DE ESPINHO
7213406;CHAO MENDES
7213407;CHAO MARMULANO
7213408;CHAO MENDES
7213409;CONVENTO
7213410;CUMBEM
7213411;CUTELO CORREIA
7213412;ILHEU
7213413;OLHO D'AGUA
7213414;POILAO
7213415;PONTA LOPES
7213416;PRENCA
7213417;TRAVESSA
7213418;C.REDONDA
7213419;C.PORTAL
7213420;COVÃO GOMES
7213421;FONTINHA
7213422;CHÃ LATADA
7213423;C.VASSOURA
7213424;COVÃO MEIO
7213425;CHUPANA
7213426;PONTA SOL
7213427;CHÃ CORREIA
7213428;BRANCA
7213429;LIBARI
7213430;PIQUINHO
7213431;LÉM DA VEIGA
7213432;CUTELO
7213433;CUTELÃO
7213434;LÉM DE MURRO
7213435;COVÃO BENTO
7213436;CHÃO DA VEIGA
7213501;ACHADA CONDE
7213502;ACHADINHA
7213503;BATATEIRA
7213504;CABECA CARREIRA
7213505;CHA DE FORNO
7213506;CHAO DE PENEDO
7213507;CHOCALHO
7213508;CORRE PEDRA
7213509;COQUEIRO
7213510;RABO DE HORTA
7213511;RIBEIRAO BREU
7213512;ROMBADO
7213513;TABULEIRO
7213514;CHÃ
7213601;BOCA MATO
7213602;CASA BRANCA
7213603;CHA ALMADA
7213604;CHA DUARTE
7213605;CHA SEMEDO
7213606;CHA DE BABOSA
7213607;CHA DE MAU PASSO
7213608;COVADA
7213609;CUTELO VAZ
7213610;LEM CABRAL
7213611;LEM MOREIRA
7213612;RAMUDA
7213613;RIBEIRA RIBA
7213614;CUTELO MASCARENHAS
7213615;LÉM VAZ
7213616;COVÃO BARRO
7213617;CHÃ GONÇALVES
7213618;CABANA
7213619;TAMAREIRA
7213620;LABORA
7213621;CUTELO PAU
7213622;LÉM ALMEIDA
7213701;CHAO DE NONO
7213702;CUTELO DA VEIGA
7213703;GELADO CABRAL
7213704;PATA BRAVA
7213705;PINHA DOCE
7213706;BICA
7213707;LÉM RODRIGUES
7213708;PONTO
7213709;RABO DE HORTA
7213801;ACHADINHA
7213802;COVADA
7213803;CUTELO
7213804;LEM D'ACHADA
7213805;PADJERO
7213806;PAU VERDE
7213807;RIBA MONTE
7213808;PONTA D'ACHADA
7213809;CORNO BAIXO
7213810;CHÃ DE FONTE
7213901;CARIS MORTO
7213902;COVAO DA VEIGA
7213903;CUTELO DE COVAO DA VEIGA
7213904;JOAO PRETO
7213905;PEDRA BARRO
7213906;CHAFARIZ
7213907;CUTELO TORRE
7214101;  CHAO GOMES
7214102;COVAO DE TRAS
7214103;LEM GOMES
7214104;PINGO CHUVA
7214105;REDONDA
7214106;RIBEIRAO CAVALO
7214107;ROMAO
7214108;SIMAO NUNES
7214109;CRUZ DE BEDJA
7214110;BATCHARÉ
7214111;SIDREIA
7214112;PONTA
7214201;BICA
7214202;CHA DE ASSOUGUE
7214203;CHA DE COELHO
7214204;CHAOZINHO
7214205;JOAO GOTO
7214206;PINHA
7214207;MANTABA
7214208;CHÃ DE CURRAL
7214209;QUELEM
7214210;TANQUE
7214211;CHÃ DE GUERRA
7214212;TORTODJO
7214213;TAMARINO
7214214;CHÃ LÉM JORGE
7214215;ALENTEJANO
7214216;CUTELINHO
7214217;QUEBRADA
7214301;ALTO BEMBA
7214302;CAPELA
7214303;CHÃO DE CURRAL
7214304;COVÃO
7214305;PIQUINHO
7214306;RIBEIRÃO PAVÃO
7214401;PORTO 1
7214402;PORTO 2
7214403;RIBEIRA DA BARCA
7214404;L. DE ESTRADA
7214405;M. SOSSEGO
7214406;L. ROCHA
7214407;FARROL
7214408;PIQUINHO
7214409;C. FOM
7214410;L. MENDES
7214411;SOBRADO
7214501;ACHADINHA
7214502;BAIXO CARREIRA
7214503;BICA
7214504;COVAO LOPES
7214505;DA CRUZ
7214506;FIGUEIRA DE FERRO
7214507;MASSAPE DE BAIXO CARREIRA
7214508;MATO GARCA
7214509;MATO REAL
7214510;RIBEIRAO ISABEL
7214511;ILHÉU
7214512;CHÃ DE LARANJA
7214601;ACHADA MATO
7214602;CHA DE CAPELA
7214603;CHAO DE MONTE
7214604;CHAO TAVARES
7214605;ILHEU
7214606;LEM VIEIRA
7214607;MONTE VERMELHO
7214608;PONTA DO SOL
7214609;PONTA FUNDAO
7214610;PONTA LOPI
7214611;RIBEIRAO MANUEL
7214612;PONTA PASSINHO
7214613;COVÃO PEREIRA
7214614;MONTE
7214615;PONTA DE OLIVEIRA
7214616;TABERNA
7214617;COVA FIGUEIRA
7214618;RIBEIRÃO BODE
7214619;PONTA D'ÁGUA
7214701;BAIXO LA
7214702;RIBA CHÃ
7214801;BIANGA
7214802;CARREIRA
7214803;CARRICAL
7214804;CHAO BEIRA
7214805;CHAO NONA
7214806;CHAO DE PAPAIA
7214807;COVAO DE AGUA
7214808;CUTELO MENDES
7214809;DA CRUZ
7214810;LEM DA VEIGA
7214811;LEM GOMES
7214812;LIMOEIRO
7214813;MONTE SAL
7214814;MONTINHO
7214815;SALTOS ACIMA
7214816;SOLE
7214817;ULULU
7214818;CHÃO DE CURRAL/COVÃO DE CURRAL
7214819;C.LOPES
7214820;CHÃ DE ESPINHO
7214821;LUGAR BAIXO
7214822;BAREIRO
7214823;MERGULHO
7214824;CUTELO SANTOS
7214825;M. BRANCO
7214826;CUTELO PINGO CHUVA
7214827;FORNO
7214828;MONTE DOMINGOS
7214829;BARREIRO
7214830;CUTELO M. GRAÇA
7214901;VASSOURA
7214902;CHAO DE CASA GRANDE
7214903;CHAO MORENO
7214904;COVAO DE LIMAO
7214905;COVAO TARAFE
7214906;CURRAL DE BOI
7214907;ESPINHO BRANCO
7214908;GALO CANTA
7214909;MANIPO
7214910;OURE
7214911;OURINHO
7214912;OURIZINHO
7214913;PALACIO
7214914;QUINTAL
7214915;RIBEIRINHA
7214916;QUINTALONA
7214917;SEDGUMA
7215001;CHA BAIXO
7215002;CHA DE CASA
7215003;CHA DE CURRAL
7215004;CHA DE FIGUEIRA
7215005;CUTELO LOPES
7215006;ILHEU DE CARRICO
7215007;LEM LEAL
7215008;LOCOTANO
7215009;ROSTO BRANCO
7215010;SAQUINHO
7215011;OVO BODE
7215012;QUINTAL LEAL
7215013;POSTO
7215014;CUTELO GOMES
7215015;PONTA CHAM
7215016;MATO
7215017;PIZADA
7215018;SECHANE
7215019;MONTONA
7215101;CHAO DE HORTA
7215102;CHAO COELHO
7215103;CHAO DE CAPELA
7215104;CUTELO
7215105;LEM DA MORA
7215106;LEM PEREIRA
7215107;LEM TAVARES
7215108;LEM VARELA
7215109;LEM VIEIRA
7215110;PASSINHO
7215111;QUINTALONA
7215112;PORTAL
7215113;CHÃO DE SIMBRÃO
7215114;CHÃO DE PARIBA
7215115;TOMBA TOURO
7215116;LUÍS DAMÃO
7215201;ACHADA RIBA
7215202;VILA DE ASSOMADA
7215203;BAIRRO
7215204;BOLANHA
7215205;CHA DE SANTOS
7215206;COVAO RIBEIRO
7215207;CUTELO
7215208;NHAGAR
7215209;LEM VIEIRA
7215210;PEDRA BARRO
7215211;PORTAOZINHO
7215212;TARAFALINHO
7215213;CUMBEM
7215214;TRAZ EMPA
7215215;ESPINHO BRANCO
7215216;CENTRO VILA
7215217;COVÃO
7215218;RUA S.O.S.
7215219;RUA FARP
7215220;CRUZ VERMELHA
7215221;LEIRIA
7215222;ATRÁS BANCO
7215223;CHÃO DE ESPINHO
7215224;PONTA CALABACEIRA
7215301;SARRADONA
7215302;SOBRADO
7215303;CHÃO DE LAGOA
7215304;CAVALEIRO
7215305;ACHADA BELBEL
7215306;ACHADA BAIXO
7215307;PASSO VACA
7215308;TABERNA
7310101;ACHADA BELBEL
7310102;ACHADA BELBEL ACIMA
7310103;AGUADA
7310104;CASONA
7310105;CHAO POILAO
7310106;DJEU
7310107;MANIPO
7310108;MATO BOI
7310109;SARRADO
7310110;VARZEA LARANJA
7310111;CHAM DE MANDUCO
7310112;CHAM
7310113;M.PRETO
7310114;LAPA PAU
7310115;CRUZ
7310116;P.MANIPO
7310117;ACHADA BELBEL BAIXO
7310118;MONTE RABELADOS
7310201;ACHADA FAZENDA
7310202;CHA DE CURRAL
7310203;ZIMBROM
7310301;ACHADA CASUNDA
7310302;ACHADA PONTA
7310303;CUTELO
7310401;BOA ESPERANCA
7310402;BOAVENTURA
7310403;CASONA
7310404;CHA DE CASA
7310405;CRUZ DE AGUADA
7310406;CUTELO SALTO
7310407;FORMOSA
7310408;HORTA NOVA
7310409;ORIL
7310410;ORISSINHO
7310411;PEDRA SARRADO
7310412;POLE
7310413;TORIL
7310414;TRAZ DE MONTE
7310415;COVÃO DE MILAGRE
7310416;ACHADA TORIL
7310501;ACHADINHA
7310502;ACHADONA
7310503;ANDECAL
7310504;BOM BIDA
7310505;CAO BRUTO
7310506;CASA GRANDE
7310507;CUTELO MENDES
7310508;FONTINHO
7310509;GODELHA
7310510;JOAO LOBO
7310511;LEM COELHO
7310512;LEM DA COSTA
7310513;LEM DE MATO
7310514;MATO CORREIA
7310515;MATONA
7310516;PEDRA PAREDE
7310517;PONTA RIBEIRA
7310518;DJULANGUE
7310519;CONVENTO
7310601;ACHADA ABAIXO
7310602;ASSOMADA
7310603;CANCELO
7310604;COVAO SANCHES
7310605;PONTA COQUEIRO
7310606;PINGA MEL
7310607;PONTA CANCELO
7310608;PONTA ACHADA BELBEL
7310609;SOPRA BOLA
7310701;BOQUEIRAO
7310702;CHA DE CASA
7310703;CHA DA SILVA
7310704;CHA DE GUI
7310705;FONTE MACHADO
7310706;ILHEU
7310707;JOAO TOURO
7310708;MAIAMA
7310709;MARIA PEREIRA
7310710;POLONZINHO
7310711;PONTA RIBEIRA
7310712;SECHANA
7310713;SAMBACOTE
7310714;TAMAREIRA
7310715;VARZEA NOVA
7310716;VARZONA
7310717;CUTELO
7310718;ILHETA
7310801;COVAO DENTRO
7310802;LEM GOMES
7310803;LEM ROCHA
7310804;LEM VAZ
7310805;MASSAPE
7310806;MONTE
7310807;PAPAIA
7310901;BAIXO ROCHA
7310902;BONINA
7310903;CHA DE LARANJEIRA
7310904;COQUEIRO
7310905;COVAO COMPRIDO
7310906;CUTELO DA VEIGA
7310907;LATADA
7310908;LEM CORREIA
7310909;LEM DA COSTA
7310910;LEM MONTEIRO
7310911;LEM SEMEDO
7310912;LIMA
7310913;MACURTA
7310914;MANCELO
7310915;MANCHOLY
7310916;MATO RAIA
7310917;PONTA SEMEDO
7310918;LIBRÃO
7310919;DJULANGUE
7310920;TRAVESSA
7311001;AGUADA
7311002;BANANA
7311003;BANDEIRA
7311004;CARRICAL
7311005;ILHEU
7311006;LARANJEIRA
7311007;LEM SANCHES
7311008;MATINHO
7311009;MATINHO ACIMA
7311010;MATO MADEIRA
7311011;QUEBRADA
7311012;RIBEIRA DOS PORCOS
7311013;RIBEIRA GIL
7311014;SAO JACINTO
7311015;NONA
7311016;CASA GRANDE
7311017;CRUZ
7311018;GODELHA
7311019;MATINHO ABAIXO
7311101;ACHADINHA
7311102;AGUADA
7311103;BOLANHA
7311104;CHA DE BOI
7311105;CHA DE FIGUEIRA
7311106;CHA DE POMBA
7311107;CHA DE ZIMBRAO
7311108;CHA SEMEDO
7311109;COVAO DE POILAO
7311110;GIL ANDRE
7311111;LEM LOPES
7311112;LIMEIRA
7311113;LONGUEIRA
7311114;MANGUE
7311115;MATINHO
7311116;MONTE
7311117;PARA RAPAZ
7311118;PONTA ACHADA
7311119;PONTA DIANTE
7311120;PONTA REIENTA
7311121;TRAZ DOS MONTES
7311122;CASONA
7311123;CHÃO FREIRE
7311124;ACHADA RIBA
7311125;BELÉM
7311201;ACHADINHA
7311202;BELEM
7311203;CHA BAIXO
7311204;CHA CARREIRA
7311205;CHA DE BEIRA
7311206;COVAO GRANDE
7311207;CRUZ DE RIBA GATO
7311208;FONTE LEME
7311209;LEM BARBOSA
7311210;LUGAR GRANDE
7311211;MA DOMINGAS
7311212;MONTE BADIO
7311213;PIZARRA
7311214;SALA
7311215;SERRADO FREIRE
7311216;SOLE
7311217;TELHA
7311218;TRAVESSA
7311219;CAIUMBRA
7311220;JANEIRO
7311221;BONINA
7311222;SANTA HELENA
7311223;LÉM VARELA
7311224;LÉM ALMEIDA
7311301;REBELO ACIMA
7311302;REBELO BAIXO
7311303;ALTO ACHADA
7311304;ROBELO
7311305;CUTELO
7311401;BAMDIM
7311402;CAPELA DE SAO JOSE
7311403;CHA DE NISPE
7311404;CHA DE TOSSA
7311405;CUTELO
7311406;CUTELO MALAGUETA
7311407;CUTELO MIGUEL SANCHES
7311408;CRUZ DE BARAJO
7311409;DJA CAFU
7311410;GUARDA VENTO
7311411;PEDRA BARRO
7311412;PLANETA
7311413;PONTA DE CUMBA
7311414;RENQUE ACIMA
7311415;RENQUE BAIXO
7311416;SALVA TERRA
7311417;VASSOURA
7311418;RENQUE / RENQUE PURGA
7311501;ACHADA BRAZ
7311502;BARGADO
7311503;B.CHONCORON
7311504;CUTELO DE COELHO
7311505;CUTELO MARIA
7311506;ESTANCIA
7311507;FAZENDA GRANDE
7311508;FORNO
7311509;LERIA
7311510;LEM DRIGUES
7311511;LEM JORGE
7311512;LEM VIEIRA
7311513;LIBENCHA
7311514;MACATI
7311515;MITRA
7311516;PAULADO
7311517;POILAO FONSECA
7311518;RIBEIRAO MOURA
7311519;TABERNA
7311520;VILA QUENTE
7311521;CHÃ TAMBOR
7311522;CUTELO DIAS
7311523;F. GRANDE
7311524;ACHADA COLAÇO
7311525;RIBEIRA DOS ÓRFÃOS
7311601;CHAO DE BABOSA
7311602;CHA DE FUNDAO
7311603;COVAO ESQUEIRA
7311604;CUTELINHO
7311605;ENCONTRADA
7311606;JARACUNDA
7311607;LEM GRANDE
7311608;MACURTA
7311609;MATO RAIA
7311610;RIBEIRAO ALMACO
7311611;GARÇOTE
7311701;CHA DE AGUA
7311702;CHA DA SILVA
7311703;CHAO DE LIMAO
7311704;COVAO CORREIRA
7311705;FIGUEIRA GORDA
7311706;FORNALHA
7311707;LEM VIEIRA
7311708;PIZARRA
7311709;PONTA RIBEIRA ACIMA
7311710;PONTE RIBA
7311711;RIBEIRAO BOI
7311712;RIBEIRAO BOI ACIMA
7311713;RIBEIRAO BOI BAIXO
7311714;RIBEIRAO EGUA
7311715;RIBEIRAO FUNDO
7311716;R.DECO
7311717;CHÃ CAPELA
7311718;CUTELINHO
7311719;PEMA
7311801;ACHADA IGREJA
7311802;COVADA
7311803;ROCHA LAMA
7311901;ABOBOREIRA
7311902;CHA DE AZEDINHA
7311903;CHA DE PINHA
7311904;CHA GRANDE
7311905;CHA QUENTE
7311906;COQUEIRO
7311907;COVAO RAMOS
7311908;CRUZ TAVARES
7311909;FONTE TRAS
7311910;IMPERADOR
7311911;LEM DIAS
7311912;MARGOSA
7311913;PAU GRANDE
7311914;PINCHOSA
7311915;RIBEIRAO D'ASNO
7311916;RIBEIRAO FEIJAO
7311917;RIBEIRAO PEREIRA
7311918;ROMBADO
7311919;SARRADINHO
7311920;ATRÁS MONTE
7311921;RUFEU
7311922;PIQUINHO
7311923;RIBEIRA SALTO
7311924;CUTELO GOMES
7311925;SALTOS ABAIXO
7311926;PENADOR
7311927;SALTOS
7311928;LÉM DE CINZA
7312001;CARRICAL
7312002;CHA DE ABOBORA
7312003;CHA DE AGUA
7312004;CHA DE CAMELO
7312005;CHA DE TABERNA
7312006;CHA FERNANDES
7312007;CHA FERNANDO
7312008;CHUPANA
7312009;LEM CACHORRO
7312010;LEM DE MATO
7312011;LEM PEREIRA
7312012;PINGA MEL
7312013;PONTA RIBEIRA
7312014;PORTALINHO
7312015;RIBEIRAO EGUA
7312016;RIBEIRAO FUNDO
7312017;PEDRA BRANCA
7312018;LOJA
7312019;COVINHA
7312020;CUTELO
7312021;PONTA ALTO
7312022;MONTE
7312023;CAPELA
7312024;ILHÉU / DJEU
7312101;ACHADA SOARES
7312102;BABOSA
7312103;BONINA
7312104;CANIBRA HORTINHA
7312105;CAPELA
7312106;CASA NOVA
7312107;CHAO BAIXO
7312108;CHA DE BONCO
7312109;CHAO FORMOSA
7312110;CIBE NOVO
7312111;CUTELO VERDE
7312112;DAMASCO
7312113;ESPINHO PRETO
7312114;GALIAO
7312115;JANEIRO
7312116;LEM ALMEIDA
7312117;LEM DE HORTA
7312118;LEM GOMES
7312119;LEM PEREIRA
7312120;LEM QUEBRA
7312121;LEM VARELA
7312122;MANIPO
7312123;MATO VAZ
7312124;RIBEIRAO ABOBORA
7312125;SANTA HELENA
7312126;RIO
7312127;CRUZ
7312128;CAREIRA
7312129;PINHEIRO
7312130;CHÃ TAVARES
7312131;CHÃO DE FLORES
7312201;BANANA
7312202;COVAO DENTRO
7312203;COVAO ESCURO
7312204;COVAO PEREIRA
7312205;CUTELINHO
7312206;CUTELO DUARTE
7312207;CUTELO SELADA
7312208;GALIAO
7312209;LAPA
7312210;LEM FERNANDES
7312211;PONTA MAIAMA
7312212;SERELHO ABAIXO
7312213;SERELHO ACIMA
7312214;TELHA
7312215;SERELHO
7312216;LÉM VIEIRA
7312301;ACHADA FATIMA
7312302;COVAO DE BARRO
7312303;CUTELINHO
7312304;MONTE BODE
7312305;PONTA ACHADA
7312306;PORTO ABAIXO
7312307;PORTO ACIMA
7312308;SALINA
7312309;LOGOAGIL
7312401;ACHADA LAGE
7312402;CUTELINHO
7410701;MUNDO NOVO
7410702;PONTA LOPES
7410703;PONTA MENDES
7410704;PORTETE DE CIMA
7410705;SAO FRANCISCO
7410706;AGOSTINHO ALVES
7410707;FUNDO BROTA
7410708;PONTA BAIXO
7410802;ISABEL LOPES
7410803;PALMAREJO GRANDE
7411201;PONTA DO SOL
7510101;ACHADA BALEIA
7510201;ACHADA BAIXO
7510202;ACHADA RIBA
7510203;CASTELINHO
7510204;COVAO SANTANA
7510205;LEM DA VEIGA
7510206;MOIA MOIA
7510301;ACHADA LAMA ABAIXO
7510302;CANCELO BAIXO
7510303;CANCELO RIBA
7510401;ACHADINHA
7510402;COQUEIRO
7510403;CUTELO DE JATAR
7510404;LAGE VERMELHO
7510405;LIMEIRA
7510406;GRAZOTE
7510501;DOBE
7510502;TINCA
7510601;CABECA HORTA
7510602;CHA CARDOSO
7510603;CUTELO TAVARES
7510604;GRAZOTE
7510605;LIMAO
7510606;MILHO BRANCO
7510607;RIBEIRAO JERONIMO
7510608;SEZIMBRA
7510609;TAMARINHA
7510610;TELHA
7510611;TERRA BRANCA
7510612;VARANDA
7510613;CUTELO JATAR
7510614;ACHADA GARZOTE
7510615;CHANZINHA
7510701;ACHADA LAMA ACIMA
7510702;CAPELA
7510703;PORTAL
7510704;CHÃ TANQUE
7510705;ACHADA LAMA
7510706;ACHADA LAMA BAIXO
7510801;CASTELO GRANDE
7510802;CHA DE MOSQUITO
7510803;PONTA DA ACHADA
7510804;PONTA PORTO / PORTO
7510805;PRAIA BAIXO
7510806;ROCHINHA
7510807;FONTINHA
7510808;CASTELINHO
7510809;CASTELO
7510901;ACHADA CATIVO
7510902;ACHADA CAVALO
7510903;BELEM
7510904;CHA DE OLIVEIRA
7510905;COVADA
7510906;CRUZ
7510907;DABREU
7510908;DOREDA
7510909;FAIAL
7510910;JARDIM
7510911;LEM FERREIRA
7510912;NAZARE
7510914;RIBEIRINHA
7511001;VALE CACHOPO
7511002;LEM DE BRITO
7511003;PONTA BAIXO
7511004;PONTA RIBA
7511005;FUNDO
7511006;PONTA
7520101;ACHADA VASSOURA
7520102;BARNABE
7520103;CANCELO
7520104;FABRICA
7520105;FIGUEIRA PORTUGAL
7520106;PEDRA GALINHA
7520107;PONTA DE FORNO
7520108;MATO SERRADO
7520201;ACHADINHA
7520202;CAIADA
7520203;CHAOZINHO
7520204;CURRAL
7520205;LARANJEIRA
7520206;LEM FREIRE
7520207;LEM MENDOCA
7520208;LEM PEREIRA
7520209;MONTE
7520210;REMA REMA
7520211;TRAVESSA BAIXO
7520212;COVÃO D'ÁGUA
7520213;MITRA
7520301;ALDEIA
7520302;BANANA
7520303;CHANCONA
7520304;LEM FONSECA
7520305;LEM DE ZIMBRAO
7520306;MATO VAZ
7520307;POMBAL ACIMA
7520308;PONTA RIBEIRA
7520309;TABERNA
7520310;VARZEA GRANDE
7520401;CHA DE CHIQUEIRO
7520402;COSTA DE NORA
7520403;CUTELO GOIABA
7520404;LEAL
7520405;LEM DA CRUZ
7520406;LEM SEMEDO
7520407;MATO SOEIRO
7520408;PE DE SUBIDA
7520409;VIDELA
7520410;LÉM GARCIA
7520411;LÉM FERNANDES
7520412;CHAMINÉ
7520413;LÉM CORREIO
7520414;MONTE
7520501;CARREDINHA
7520502;GUARDA VENTO
7520503;MASSAPÉ / MASSAPÉ DE CIMA
7520504;MOSTARDA
7520505;ROCHINHA
7520506;CHÃ DE TAMBRA
7520507;DACABALAIO
7520508;CURRAL SERRA
7520601;ACHADA PEDRA
7520602;ACHADA VENTREIRO
7520603;AGUA PANELO
7520604;CHA DE CARDOSO
7520605;CUTELO BABOSA
7520606;FONTE ALMEIDA DE CIMA
7520607;FONTE ACIMA
7520608;MASSAPE
7520609;MONTE QUEIMADO
7520610;MONTINHOS
7520611;NOVE CASAS
7520612;OLHO DE AGUA
7520613;QUEBRADA
7520614;RIBEIRAO AREIA
7520615;RIBEIRAO SANA
7520616;TABERNA
7520617;VENTREIRO
7520701;CUTELO ACIMA
7520702;GUDIM
7520703;MUNDO GRANDE
7520704;TELHA
7520705;CRUZ
7520801;LAGOA
7520901;COVAO VICENTE
7520902;CUTELO GOMES
7520903;MATO AFONSO
7520904;MATO MARTINS
7520905;SOLE
7520906;TAMARINDO
7520907;VOLTA ROMAO
7521001;CHA DE MANGUI
7521002;CHA DE TAMARA
7521003;COVAO DELGADO
7521004;CRUZ
7521005;LARANJO
7521006;PIZARRO
7521007;TELHA
7521008;CABRAL
7521101;COVAO
7521102;CUTELO
7521103;LEM MORREIRA
7521104;LEM SANCHES
7521105;LEM SOARES
7521106;MASSAPE
7521107;SACRAMENTO
7521108;SIBE
7521109;TRAVESSA
7521110;VOLTA ROMAO
7521111;ROMAO
7521201;BARREIRA
7521202;NETA GOMES
7521203;NORA
7521204;TRAVESSA
7521205;CHOPANA
7521206;FUNDO
7521207;TONON
7521208;R.BAIXO
7521209;R.CÃO
7521301;CHA DE VASSOURA
7521302;PÓ DE SACO
7521401;BASSOURA
7521402;CHA DE BAIXO
7521403;CHA DE CACHORRO
7521404;CURRAL GRANDE
7521405;RIBEIRAO CHIQUEIRO
7521406;VAZAGUA
7521407;VAL CACHOPO
7521408;MONTE PARADA
7521409;BRASIL
7521501;BOA VISTA
7521502;CALDEIRA
7521503;CHA DE COELHO
7521504;COSTA CAPELA
7521505;FAEL
7521506;LEM FERNANDES
7521507;LEM GOMES
7521508;NONEIRA
7521509;PINGA MEL
7521510;PONTA MENDES
7521511;ROBAO DE CAL
7521512;SARRADÃO
7521513;CASA GRANDE
7521601;CANCELO
7521602;CIDREIRA
7521603;COVAO DE RUI VAZ
7521604;CURRALINHO
7521605;CUTELO MENDES
7521606;LEM DA VEIGA
7521607;LEM VIEIRA
7521608;MONTE FUNDO
7521609;MONTE LEAO
7521610;PONTA BAIXO
7521611;VILA
7521612;MONTE TCHOTA
7521613;C.VENTO
7521614;PONTA CRUZ
7521615;CUTELO CIDREIRA
7521616;C.VICENTE
7521617;CAFÉ
7521701;BOA VISTA
7521702;COLEGIO
7521703;COVA DE BARRO
7521704;COVAO ENGENHO
7521705;COVAO LOURENCO
7521706;CUTELO BRANCO
7521707;FIGUEIRA BRANCO
7521708;JOAO GARRIDO
7521709;LEM LOPES
7521710;PINHA
7521711;SARRADINHO
7521712;TAMAREIRA
7521713;TENDA
7521714;VARANDA
7521715;JARDIM
7521716;POUSADA
7521717;VÁRZEA IGREJA
7521718;ALDEIA
7521801;VENEZA
7610201;ACHADA BOLANHA
7610202;ACHADA MONTE
7610203;ACHADONA
7610204;BOLANHA
7610205;CHA DE CRUZ
7610206;CHA TOME
7610207;DACALINHA
7610208;LEM FERREIRA
7610209;MANGUINHO
7610210;MEIO D'ACHADA
7610211;PEDRA BARRO
7610212;PONTA MANGUINHO
7610301;ACHADA BATALHA
7610302;ACHADA PORTINHO
7610303;CUTELO MIRANDA
7610304;GALIAO
7610305;MANGUINHO
7610306;MONTE TERRA
7610307;PIZARRA
7610308;PONTA CALHETA
7610309;PONTA CALHETONA
7610310;PONTO
7610311;PORTO
7610312;VENEZA
7610313;VARIANTE
7610402;BATIBAMBA
7610403;CARREIRA
7610404;CASA BRANCA
7610405;CHA BAIXO
7610406;CHAO FORMOSO
7610407;CHIQUEIRO VELHO
7610408;COVADA
7610409;COVAO GRANDE
7610410;CUTELO COCO
7610412;FORNO
7610413;FUNDO REBELO
7610414;FUNDO RIBEIRA
7610415;LIMAO
7610416;PE BEDJA
7610417;PE DE ROCHA
7610419;QUELEM DE FONTE
7610420;SELADA
7610421;SUAVE
7610422;TORRIL
7610423;ZIMBRAO
7610501;BOCA RIBEIRA
7610502;CHAO DE NONA
7610503;CHAO DENTRO
7610504;CUTELO DE MEIO
7610505;CUTELO REDONDO
7610506;FONTE S.JOAO
7610507;GARCOTE
7610508;LEM GOMES
7610509;PE DE MONTE
7610510;PONTA DE AGUADA
7610511;PONTA MATO
7610512;RUA COMPRIDA
7610513;ACHADA GARSOTE
7610514;QUARTO PICO
7610515;FEROL
7610516;CUTELO
7610601;ACHADA BARRIL
7610602;AGUADINHA
7610603;CHA DE MATO
7610604;COVAO PERTADO
7610605;CUTELO DE RIBA
7610607;CUTELO GOMES
7610608;CUTELO MORENO
7610609;CUTELO VASSOURA
7610610;FIGUEIRA GRANDE
7610611;FONTON
7610612;FORNO
7610613;LAGOA
7610614;LAGOA BAIXO
7610615;LARANJA
7610617;LEM VARELA
7610618;LEM VIEIRA
7610619;MATO
7610620;MATO GRANDE
7610621;MATO PIQUINHO
7610622;MONTE BRANCO
7610624;PAI ANTONIO
7610625;ROMAO
7610626;VASSOURA
7610627;CARICEL
7610628;CHÃO NUNE
7610629;MONDO BUA
7610630;LÉM LIVEIRA
7610631;PÉ DE ROCHA
7610701;CAGARRO
7610702;CHA BAIXO
7610703;LEM CARDOSO
7610704;LEM PEREIRA
7610705;PO FINO
7610706;PONTA CABRAL
7610707;TABULEIRO
7610708;ESPINHO BRANCO
7610709;ACHADA ESPINHO BRANCO
7610710;ACHADA RABELADO
7610711;ACHADA BRUFA
7610712;CHÃ DE CARRAPATE
7610801;CABACEIRA
7610802;CANTADA
7610803;CHA RIBA
7610804;CHAO GRANDE
7610805;CUTELO
7610806;CUTELO BAIXO
7610807;CUTELO PUPA
7610808;CUTELO VERMELHO
7610809;FOBERO
7610810;LEM RAMOS
7610811;LEM VARELA
7610812;QUEBRADA
7610813;RUBOM PUPA
7610814;SERRA PO
7610815;MALAGUETA
7610901;CARREIRA
7610902;FONTE ROCHA
7610903;LEM SANCHES
7610904;TERRA VERMELHA
7610905;TRAVESSA BAIXO
7610906;VIEGA
7610907;MACHADO
7610908;CRUZ BAIXO
7610909;VIEGA RIBA
7611001;AGUA DE BOI
7611002;BELEM
7611003;CUTELO MATO CORREIA
7611004;CUTELO PURGONA
7611005;FAZENDA
7611006;FUNDAO
7611007;LEM CARDOSO
7611008;PEDRA MACHO
7611009;PONTA DE MAFAFA
7611010;PORTAL
7611011;REBELO
7611012;SARRIMBA
7611013;SELADA
7611014;MADJEBA
7611015;PORTAL DERIBA
7611016;DIOGO VELHO
7611017;MATO CORREIA
7611018;CUTELO MENDES
7611019;PONTA COVÃO
7611020;COVÃO
7611021;CHÃ MATO
7611022;PONTA CÃ
7611023;POUSADA
7611101;ACHADA CAVALO
7611102;LEM TAVARES
7611103;MILHO BRANCO
7611104;MONTE BODE
7611105;SOLE
7611107;PIA
7611108;LIMUM
7611109;COVINHA
7611201;CHA CALIPTO
7611202;CHA DE GUERRA
7611203;JOAO GONCALVES
7611204;LEM SANCHES
7611206;MONTE
7611207;MONTE RIBA
7611208;PONTA
7611209;PONTA BRUFA
7611210;PORTAL
7611211;RIBEIRAO CRUZ
7611212;ROCHA BRANCA
7611215;CHÃ BAIXO
7611216;MONTE POUSADA
7611217;ACHADA MANGUE
7611218;VARIANTE
7611219;LÉM TAVARES
7611220;CHÃ DE DENCHO
7611221;PONTA CÃO
7611222;FAZENDA
7611301;CASONA
7611302;CHA DE PAPAIA
7611303;CHAO ATRAS
7611304;CUTELO DE PINHA
7611305;CUTELO LANDIM
7611306;CUTELO MENDES
7611309;LARANJEIRA
7611310;LEM CASONA
7611311;MAGIMA
7611312;PONTA ROCHINHA
7611313;PONTA LAVADA
7611314;SANTO ANTONIO
7611315;SINTA
7611316;PALHA CARGA
7611317;CUTELO
7611318;PEDRA BARRO
7611401;CANTADA
7611402;CHAO FREIRE
7611403;CHAO VAZ
7611404;COUCO
7611405;ESPINHO BRANCO
7611406;LEM LOPES
7611408;RIBAO BANDEIRA
7611409;RIBEIRAO  PO
7611410;CHÃO DE CURRAL
7611411;LÉM PEREIRA
7611412;PEDRA BARRO
7611501;CASA GRANDE
7611502;CHOCALHO
7611503;COVAO DE AGUA
7611504;CUTELO DE SALTOS
7611505;DJEU RIBEIRA GRANDE
7611506;LEM PEREIRA
7611507;LEM MENDES
7611508;MALHADA VELHA
7611509;MONTE BAIXO
7611510;PEDRA LARGA
7611511;RIBEIRA GRANDE
7611512;SANTA CRUZ
7611513;CUTELO RODRIGUES
7611514;FONTE NOVA
7611515;PEDRA SERRADA
7611516;MILHO BRANCO
7611517;MARIA PARDO
7611518;LAÇO DA VEIGA
7611519;SALTOS ACIMA
7611520;CHÃ DE CIMBRÃO
7611521;PERTADO
7611522;CHA DE AREIA
7611523;CUTELO
7611601;BACIO
7611602;CANTO DE LADEIRA
7611603;CARREIRA
7611604;CHA CARDOSO
7611605;CHA DE FIGUEIRA
7611606;CHA DE PEREIRA
7611607;CHA DE TACHO
7611608;CHA DE TORRIL
7611609;CHAO DE CARREIRA
7611611;COVAO MONTINHO
7611612;COVAO PEREIRA
7611613;CUTELO DE TINTA
7611614;ESQUERDO
7611616;JANIANE
7611617;LAPA SIMAO
7611618;LEM CARDOSO
7611620;LEM LOPES
7611621;MATO GARCA
7611622;MONTINHO
7611623;NONA BRANCO
7611624;PILAO CAO CIMA
7611625;PURGUEIRA
7611626;REDONDEIRA
7611627;ROCHINHA
7611628;SAO DOMINGOS
7611629;TALHO
7611630;TAMBARINA
7611631;TOSSA
7611632;ROBÃO CAL
7611633;TOSSA S.DOMINGOS
7611634;PIZARA
7611635;CHÃ DE BANANA
7611636;COCO
7611637;CUTELO TALHO
7611638;CHÃ DE FERRO
7611639;LÉM VAZ
7611641;CUTELO JANEANE
7611701;PONTA VERDE
7611801;CHAO BEIRA
7611802;CHAO DE HORTA
7611803;CHAO GRANDE
7611804;CHAO TAVARES
7611805;CHAO ILHEU
7611806;CHAO SOLOLO
7611807;CORUJA
7611808;COVA PASSARINHO
7611809;CUTELINHO
7611810;CUTELO BAIXO
7611811;CUTELO LARGO
7611812;DRAGOEIRO
7611813;FARROBA
7611814;FIGUEIRONA
7611815;FUNDINHO
7611816;JAQUEITAO
7611817;LACACAO
7611818;LEM MARTINS
7611819;LEM TAVARES
7611820;MAFAFA
7611821;MATO CURRAL
7611822;MATO GALEGO
7611823;MULONA
7611824;PENEDO VERMELHO
7611825;PEDRA SERRADO
7611826;PONTA BELEM
7611827;PONTA RIBEIRA
7611828;RENQUE TAPUME
7611829;SUBIDINHA
7611830;TANCON
7611831;LOLODA
7611832;LÉM FÊMEA
7611833;CUTELO DE LUGAR
7611834;COVÃO CIMA
7611835;HORTELAO
7611901;GUINCHO
7611902;LAGE
7611903;LEM MENDES
7611904;LEM TAVARES
7611905;MATO
7611906;MATO BOI
7611907;RIBEIRA LAGOA
7611908;RIBEIRA MILHO
7611909;ZINGUE
7612001;CHA DE BRITO
7612002;CHA DE GAMBIA
7612003;CHA GARRIDA
7612004;CHA TAVARES
7612005;CHA DE BOBRA
7612006;COQUEIRO
7612007;CUTELO COVOADA
7612008;CUTELO MENDES
7612009;CRUZ POILOM
7612010;FAZENDINHO
7612011;JAMBAM
7612012;LEM DE ALMEIDA
7612013;LEM DE FOGO
7612014;LEM GOMES
7612015;LEM SEMEDO
7612016;LEM TAVARES
7612017;LEM VARELA
7612018;LEM VAZ
7612019;PIA
7612020;PONTA RIBEIRA
7612021;TRAVESSA
7612022;CUTELO D'ENVA
7612023;TABERNA
7612101;BABOSA
7612102;CASONA
7612103;CHAO GRANDE
7612104;CHANZINHA
7612105;COQUEIRO
7612106;CRUZ DE POILAO
7612107;CRUZ NOVA
7612108;FIGUEIRA MUITA
7612109;LEM CABRAL
7612110;LEM COELHO
7612111;LEM LOPES
7612112;LEM SANTO
7612113;LEM TAVARES
7612114;PEDRA BOLO
7612115;PEDRA COMPRIDA
7612116;POILAO
7612117;RIBEIRAO MIGUEL
7612118;RIBEIRAO VELHO
7612119;ROCHINHA
7612120;TAGARRA
7612121;VILA CANTOR
7612122;CUTELINHO
7612123;COVÃO DE FONTE
7612124;DJEDJE VERMELHO
7612125;ESPINHO BRANCO
7612201;ACHADA QUEIMADO
7612202;CANTADA
7612203;CUTELO BAIXO
7612204;CUTELO DE FUNCO
7612205;CUTELO LOPES
7612206;LEM PEREIRA
7612207;MARMULANO
7612208;MATO GRANDE
7612209;QUEBRADA
7612210;TEIMALA
7612211;POILÃO
7612212;VARANDA
7612213;CRUZ
7612214;CHÃ DE PANETA
7612215;LUGAR GRANDE
7612216;PAREDE VELHO
7612217;CUTELINHO
7612218;LÉM LIBEIRA
7612219;VARANDA
7612301;CUTELO XAXA
7612302;MORON GROSSO
7612303;PONTA CURRAL
7612304;XAXA ACIMA
7612305;XAXA BAIXO
7612306;SERRAPÓ
7612307;LEBANCEIRA
7710101;ABOBOREIRO
7710102;BAILA MINHOTO
7710103;CHAO DE CARVALHO
7710104;CHA RODRIGUES
7710105;COVAO GRANDE
7710106;CRUZ DOS PICOS
7710107;CUTELINHO
7710108;CUTELO BARRACA
7710109;CUTELO TAVARES
7710110;FUMACA
7710111;GAMBIA
7710112;GOIABA
7710113;LEM VARELA
7710114;ROCHA PRETA
7710115;SEMINGUINHO
7710116;SOPRA BOLI
7710117;TAGARRA
7710118;TERRA BRANCA
7710119;CRUZ
7710120;PÉ DI SUBIDA
7710121;CUTELO - ALTO SOCA
7710201;ACHADA IGREJA
7710202;BETANIA
7710203;BOA ESPERANCA
7710204;CACHEU
7710205;CASA GRANDE
7710206;CHAO DE TABERNA
7710207;CRUZ DE PORTAL
7710208;CUTELINHO
7710209;FONTE LEAO
7710210;GUNDAO
7710211;LEM DA RUA
7710212;LEM DE MONTE
7710213;MURRO
7710214;PENEDO
7710215;PENEDO ACIMA
7710216;PONTA
7710217;SETE SEMANAS
7710218;TELHA
7710219;DESCIDA MONTE
7710220;SUBIDA MONTE
7710221;LEITÃO
7710222;LEGRETE
7910101;CALABACEIRA
7910102;CHA DE ZIMBRAO
7910701;CALHETA SÃO MARTINHO
7910201;ESCADA BRANCA
7910202;LARANJEIRA
7910203;MONTE SOSSEGO
7910204;P. MENDES
7910205;RUA BANANA
7910206;RUA CALHAU
7910207;SAO BRAZ
7910208;SAO SEBASTIAO
7910209;S. MARTA
7910210;RUA TERRA P.
7910211;ACHADA FORTE
7910212;SUCUPIRA
7910213;PEDRA PAXENCHA
7910214;RUA CARREIA
7910215;PONTA SE
7910216;LEM CACHORRO
7910217;BECO
7910218;PORTO BAIXO
7910301;DJOBE
7910302;JOAO VARELA
7910303;BOTA RAMA
7910304;PONTA BAIXO
7910801;BARCE BARCE
7910802;VALE DE SÃO MARTINHO GRANDE
7921201;ACHADINHA
7921202;CHUPANA
7921203;ERRADO
7921204;LEM GOMES
7921205;MADJADA
7921206;PONTA D'ACHADA
7921207;QUEBRADA
7921208;CHÃ DE QUINTAL
7921301;CASSENGAL
7921302;TERRA BRANCA
7921303;TRONCO BAIXO
7921304;TRONCO RIBA
7921305;VASSOURA
8110101;ACHADA GRANDE
8110201;ATALAIA
8110202;ACHADA MAURÍCIO
8110203;ATALAIA TRÁS
8110301;CORVO
8110401;ACHADA BONGOLON
8110402;CHA DE CRUZ
8110403;FAJANZINHA
8110405;ACHADA
8110406;BOCA FONTE
8110407;ACHADA LOPES
8110501;FEIJOAL
8110502;COVA FEIJOAL
8110601;IGREJA
8110602;SAO MIGUEL
8110603;LARANJO
8110701;MOSTEIROS TRAS
8110702;QUEIMADA TRÁS
8110703;CUTELO
8110704;DEGOLADA
8110705;CASA CUTELO
8110706;FONSACO
8110707;ACHADINHA
8110708;ACHADA MALVA
8110710;MALHADA
8110711;FONTE CABRA
8110801;COVA FEIJOAL
8110803;MONTE BARRO
8110804;MONTE VELHA
8110805;PAI ANTONIO
8110806;CUTELO BANANA
8110807;BOCA CURRAL
8110901;QUEIMADA GUINCHO
8111001;RELVA
8111002;QUEIMADINHA
8111101;ALDEIA
8111102;BARREIRA
8111103;CASINHA
8111104;PEDRA CHOUPANA
8111105;MONTE VERDE
8111106;MONTE GONGON
8111107;RIBEIRA DO ILHEU
8111201;SUMBANGO
8111202;AEROPORTO
8111302;PALHA CARGA
8111303;ACHADA CANTO
8111304;LIGEIRAO
8111305;ACHADA LOPES
8111401;MURRO
8111402;CANAL
8111501;CUTELO ALTO
8210101;ACHADA
8210102;ACHADA MENTIROSA
8210103;AS HORTAS
8210104;CALABACEIRA
8210105;JOAO GARRIDO
8210106;LARANJEIRA
8210107;LOMBA BAIXO
8210108;POIO
8210109;RAMACHE
8210110;RUFINA
8210111;TERRA NOVA
8210112;TORTOLHO
8210113;RIBEIRA MULATO
8210114;SUBANGO
8210201;ACHADA ESPINHO
8210202;CAMPANAS BAIXO
8210203;DJEZINHO
8210204;FAGUNDO
8210205;LADEIRA GRANDE
8210206;MONTE VELHA
8210207;PEDRA BRANCO
8210208;SAO JOAO
8210209;BOCA PIA
8210210;RIBEIRA DA CRUZ
8210211;SÃO PEDRO
8210212;SÃO FRANCISCO
8210213;FUNDANGO
8210214;MAMÉ
8210215;CUTELO CRUZ
8210301;BALUARTE
8210302;CURRALINHO
8210303;CUTELO DJEZINHO/DJEZINHO
8210304;SÃO JOÃO
8210305;CAMPANAS DE CIMA
8210306;COVA FUNDO
8210307;BOCA DE AGUADA
8210308;COICOI
8210309;DJEU DE MATADDE
8210310;MONTE LORNA
8210311;PÉ DE MONTE
8210312;ACHADA RAMO
8210313;MANGIRCAN
8210401;ACHADA SANTANA
8210402;ALGODOEIRO
8210403;ASSOMADA
8210404;BIANGA
8210405;CONGO
8210406;CURRAL GRANDE
8210407;DINIZ EANES
8210408;JOÃO GARRIDO
8210409;HORTINHA
8210410;MONTE TRAVESSO
8210411;MONTE MACHADO
8210412;MOSQUITO
8210413;RENQUE
8210414;RIBEIRA GRANDE
8210415;PICO GOMES
8210416;PÉ DE MONTE
8210417;SANHA
8210418;NETÉ
8210501;AMEIXOEIRO
8210502;COVA TABUA
8210503;GALINHEIRO
8210504;MONTE RIPA
8210505;OUTRA BANDA
8210506;RAMACHEU
8210507;OUTRA BANDA DE CIMA
8210508;PATOMÉ
8210509;LIMEIRA
8210510;FIGUEIRA TCHÉ
8210511;RATCHAM
8210601;ACHADA FORA
8210602;CHÃ DE MONTE
8210603;INHUCO ALTO
8210604;INHUCO BAIXO
8210605;MONTE INHUCO
8210606;PASSAGEM
8210607;PICO PIRES
8210608;SÃO BRAZ
8210609;SÃO MARTINHO
8210610;SANTANA
8210611;ZAMBUGEIRO
8210612;INHUCO
8210701;ALEIXO GOMES
8210702;CURRAL FUMO
8210703;DOMINGOS LEDO
8210704;ITALIANO
8210705;JORGE DIAS
8210706;LOMBA DE CIMA
8210707;MIRA MIRA
8210708;MONTE DIOGO
8210709;PÉ DE MONTE
8210710;PEDRA PRETO
8210712;TAMAREIRA
8210713;VELHO MANUEL
8210714;VERA CRUZ
8210715;VALICHO
8210716;LOMBA
8210717;RENQUE
8210801;ALVITO
8210802;MONTE TABOR
8210901;ACHADA AFONSECA
8210902;AFONSO GIL
8210903;BOCA LARGA
8210904;CASA VELHA
8210905;COROA
8210906;FONTINHA
8210907;LUGAR GRANDE
8210908;PIASCO
8210909;PONTA VERDE
8210910;RENDA
8210911;ROQUEIRA
8210912;ALTO RENDA
8210914;COBA MONTE
8210915;CUMBA
8211001;ALBARCA
8211002;ILHEU DAS CONTENDAS
8211003;MONTE PRETO
8211004;MONTE VACA
8211005;RIBEIRA FILIPE
8211006;MONTE PREÇO BAIXO
8211101;PALHAL
8211102;RIBEIRA
8211103;SÃO JORGE
8211104;SALINAS
8211105;CUTELO
8211106;ACHADA PATO
8211107;CANALINHO
8211108;CRUZ DE QUEMADA
8211109;TENDA
8211110;QUEMADINHA / QUEIMADA
8211111;PENEIRO
8211112;ACHADA MANCARRA
8211201;NOSSA SENHORA DA LUZ
8211202;PACHANGUE
8211203;PÉ DE MONTE
8211204;PICO GOMES
8211205;POMBAL
8211206;RIBEIRA GRANDE
8211207;SANHA
8211208;SANTO ANTÓNIO
8211209;TAMBARINA NHA LOBA
8211210;ACHADA MALVA
8211211;LUGARINHO
8211212;SANTA CRUZ
8211213;SANTA ENUS
8211214;RUI PEREIRA
8211215;MIGUEL CORREIA
8211217;BALDAIA
8211218;GALINDO
8211219;SANTA CLARA
8211220;LIGEIRÃO
8211301;BERNARDO GOMES
8211302;FRONTEIRA
8211303;LUGAR NOVO
8211304;PEDRO HOMEM
8211305;PICO DA VEIGA
8211306;PICO LOPES
8211307;SÃO DOMINGOS
8211308;SANTA MARTA
8211309;SÃO PEDRO
8211310;SERRADO NORTE
8211311;BETÂNIA
8211312;RIBEIRINHA
8211313;C. BETÂNIA
8211314;SANTANA
8211315;ORGAO
8220101;BRANDÃO / BRANDÃOZINHO
8220102;JOAO DA NOLY DE BAIXO
8220103;MORATO
8220104;LAPA CAVALO
8220105;MARIA CHAVES
8220106;MONTE BARRO
8220107;SALTO GATO
8220108;SANTA CRUZ
8220110;RAMARGOSA
8220111;CUTELO
8220112;CANCELO
8220114;JOÃO DA NOLY CIMA
8220115;VILA DADE
8220117;TALHO
8220118;PEDRA BRANCA
8220201;CABECA DO MONTE
8220202;CIDREIRA NORTE
8220203;CIDREIRA SUL
8220205;M.B. LOPES
8220206;PASSAGEM
8220208;ACHADA LAPA
8220209;ILHEU
8220211;FONTE NOVA
8220213;PILÃO CÃO
8220214;CIDREIRA
8220215;MONTADO
8220301;ACHADA S.FILIPE
8220302;CONGRESSO
8220303;FONTE ALEIXAO
8220304;LEM DE BAIXO
8220305;LEM DE CIMA
8220306;LEM DE MEIO
8220307;PE DE CAMPO
8220308;S.FILIPE (CENTRO DA CIDADE)
8220309;SANTA FILOMENA
8220310;XAGUATE
8220311;BELTCHES
8220312;PRAIA NOSSA SENHORA
8220313;COBOM
8220314;CUTELINHO
8220401;ACHADA LAPA
8220402;CERCO GRANDE
8220403;CISTERNO BAIXO
8220404;COXO
8220405;ILHEU
8220406;JOAO DA NOLY
8220407;LAGARICA
8220408;RIBEIRA ISABEL
8220409;CISTERNO ALTO
8220410;CISTERNO MEIO
8220411;CISTERNO
8220501;ALFARROBEIRA
8220502;FORNO
8220503;LUZIA NUNES
8220504;CABACEIRA
8220505;RIBEIRA NHÓ BRAZ
8220601;LACACA
8220602;MONTE CHICA
8220603;MONTE LARGO
8220604;QUEIMADA
8220605;CASONA
8220701;CUTELO CAPADO
8220702;FUGIDO
8220703;MONTE GRANDE
8220801;BATENTE
8220802;JARDIM
8220803;PATIM
8220804;CURRALINHO
9110101;BANDA DE TRAZ
9110102;COVA RODELA DE BAIXO
9110103;COVA RODELA DE CIMA
9110104;FADJADO
9110105;MONTE
9110106;MONTEIRO
9110107;MORGAIDA
9110108;PAUL
9110109;TRAZ DE COVA
9110110;COVA RODELA
9110111;FIGUEIRA GRANDE
9110201;FURNA
9110202;RASCA
9110301;JOAO DA NOLY
9110401;BRAGA
9110402;COVINHA
9110404;LUGARINHO
9110405;PEDRA MARTINS
9110406;RIBEIRA DE GATO
9110407;BOA ESPERANÇA
9110408;S.PEDRO
9110409;FORMENGO
9110501;CHÃ DE GRANDE
9110502;BALEIA
9110503;GARCA
9110504;MATO GRANDE
9110505;PAI LUIZ
9110506;TEAL
9110507;CUTELO PELONE
9110601;SANTA BARBARA
9110701;ACHADA IGREJA
9110702;ACHADA LOSNA
9110703;CALVARIO
9110704;COVADA
9110705;COVAO
9110706;CUTELO
9110707;CUTELO MENTIRA
9110708;CRUZ
9110709;CRUZ DAS ALMAS
9110710;CRUZ GRANDE
9110711;GERACUNDA / DJACUNDA
9110712;LEM
9110713;MINHOTO
9110714;PE DE ROCHA
9110715;PONTA ACHADA
9110716;PONTA BAIXO
9110717;RIBEIRA ABAIXO
9110718;SANTANA
9110719;SANTO ANTONIO
9110720;PEDRA MARTINS
9110721;RUA DOS TRABALHADORES
9110722;RUA DIREITA
9110723;AVENIDA AMILCAR CABRAL
9110724;LARGO PRAÇA
9110801;BELEM
9110802;FUNDO
9110803;RAIZ
9110804;MATINHO
9110901;VINAGRE
9111001;ACHADA MONTEIRO
9111002;ORGÃOS
9111003;POIO
9111004;PONTA CANAL
9111005;PONTA VERDE
9111006;RIBEIRA LAPA
9111007;VAQUEIRO
9111008;MONTE VERMELHO
9111009;LOMBA
9111010;MONTINHO
9111011;PEDRA D'ÁGUA
9120101;ACHADA MONTEIRO
9120102;ORGAOS
9120103;PE DE MONTE
9120104;POIO
9120105;PONTA CANAL
9120106;PONTA VERDE
9120107;RIBEIRA DE LAPA
9120108;VAQUEIRO
9120109;LOMBA
9120201;CHA DE COVAO
9120202;CAMPO BAIXO
9120203;CAMPO DAS FONTES
9120204;ESCOVINHA
9120205;MATINHO
9120206;MORRO DE VENTO
9120207;RIBEIRA DA GARÇA
9120301;CANTINHO
9120302;COVA DE JOANA
9120303;CUTELO NHO DOMINGOS
9120304;LOMBA-LOMBA
9120305;RISCO VERMELHO
9120401;FIGUEIRAL
9120402;FIGUEIRA GRANDE DE BAIXO
9120403;FIGUEIRA GRANDE DE CIMA
9120501;ACHADA SANCAETANO
9120502;CAMBADA
9120503;CHAO DE CURRAL
9120504;CHANZINHA
9120505;ESPRADINHA
9120506;FAJA D'AGUA
9120507;LAGOA
9120508;LAVADURA
9120509;PORTETE
9120510;TRAVESSA
9120601;CHANZINHA DE FERREIROS
9120602;LOMBA TAMTUM
9120603;PALHAL
9120604;LOMBA
9120605;FERREIRO
9120701;MATO/TCHEDA DE MATO
9120702;COSTA PERU
9120703;COVA GALINHA
9120704;CUTELO MANE COTA
9120705;CUTELO MOINHO
9120706;LIMA DOCE
9120707;LOMBA COMPRIDA
9120708;MATO DE CIMA/MATO RIBA
9120709;MATO DE FRENTE
9120710;TAPUME
9120711;RUA LOURENÇA
9120712;CAMPO DAS FONTES
9120713;PÉ DE LOMBO
9120714;BOSTON
9120801;NOSSA SENHORA DO MONTE
9120802;PEDRA MOLAR
9120803;CLARA GONÇALVES
9120804;ACHADA CANDINHO
9120901;BRIENGA
9120902;CHÃ DE SOUZA
9120903;LOMBA DE NHANHA
9120904;PAU
9120905;PEDRA MOLAR
9120906;TOMÉ BARRAZ
9120907;MATINHO
9120908;LARANJEIRA
